,season,field_code,sellers_locality,last_catch_day
0,2012,600B3,Sermiligaaq,261
1,2012,LB025,Ikamiut,245
2,2012,LB028,Qasigiannguit,246
3,2012,LD027,Qasigiannguit,246
4,2012,LD028,Qasigiannguit,260
5,2012,LD029,Qasigiannguit,215
6,2012,LE026,Qasigiannguit,175
7,2012,LE027,Qasigiannguit,229
8,2012,LF028,Ilimanaq,217
9,2012,LG018,Qeqertarsuaq,225
10,2012,LG019,Qeqertarsuaq,217
11,2012,LG027,Qasigiannguit,229
12,2012,LG028,Ilulissat,286
13,2012,LG029,Ilulissat,225
14,2012,LG030,Ilulissat,285
15,2012,LG030,Qasigiannguit,215
16,2012,LG031,Ilulissat,286
17,2012,LH028,Qeqertaq,323
18,2012,LH029,Ilulissat,122
19,2012,LN025,Saqqaq,219
20,2012,LN026,Ilulissat,224
21,2012,LN026,Saqqaq,223
22,2012,LN027,Qeqertaq,176
23,2012,LN028,Qeqertaq,222
24,2012,LN028,Saqqaq,211
25,2012,LP025,Saqqaq,223
26,2012,LP026,Saqqaq,211
27,2012,LP028,Qeqertaq,230
28,2012,LP028,Saqqaq,222
29,2012,LT027,Ikerasak,257
30,2012,LT027,Uummannaq,236
31,2012,LT028,Ikerasak,218
32,2012,LT029,Ikerasak,225
33,2012,LV024,Uummannaq,251
34,2012,LV025,Uummannaq,228
35,2012,LV026,Ikerasak,253
36,2012,LV026,Uummannaq,219
37,2012,LV027,Ikerasak,302
38,2012,LV027,Uummannaq,183
39,2012,LV028,Ikerasak,229
40,2012,LV028,Niaqornat,277
41,2012,LV029,Ikerasak,210
42,2012,LX022,Qaarsut,226
43,2012,LX023,Ilulissat,222
44,2012,LX023,Qaarsut,226
45,2012,LX023,Qasigiannguit,226
46,2012,LX023,Uummannaq,247
47,2012,LX024,Ikerasak,216
48,2012,LX024,Niaqornat,252
49,2012,LX024,Nuugaatsiaq,209
50,2012,LX024,Qaarsut,271
51,2012,LX024,Qasigiannguit,244
52,2012,LX024,Ukkusissat,224
53,2012,LX024,Uummannaq,273
54,2012,LX025,Saattut,247
55,2012,LX025,Uummannaq,252
56,2012,LX026,Niaqornat,183
57,2012,LX026,Qasigiannguit,232
58,2012,LX026,Saattut,275
59,2012,LX026,Uummannaq,210
60,2012,LX027,Ikerasak,299
61,2012,LX027,Niaqornat,198
62,2012,LX027,Saattut,275
63,2012,LX028,Ikerasak,180
64,2012,LX028,Ukkusissat,194
65,2012,LX029,Ikerasak,236
66,2012,LX029,Uummannaq,210
67,2012,LZ018,Niaqornat,227
68,2012,LZ022,Qaarsut,226
69,2012,LZ023,Qaarsut,226
70,2012,LZ024,Saattut,256
71,2012,LZ025,Niaqornat,250
72,2012,LZ025,Nuugaatsiaq,247
73,2012,LZ025,Qasigiannguit,231
74,2012,LZ025,Saattut,272
75,2012,LZ026,Nuugaatsiaq,237
76,2012,LZ026,Qaarsut,209
77,2012,LZ026,Qasigiannguit,223
78,2012,LZ026,Saattut,300
79,2012,LZ026,Saqqaq,232
80,2012,LZ026,Ukkusissat,211
81,2012,LZ027,Saattut,275
82,2012,LZ027,Ukkusissat,214
83,2012,LZ028,Qasigiannguit,191
84,2012,LZ028,Saattut,210
85,2012,LZ029,Qasigiannguit,204
86,2012,LZ029,Saattut,210
87,2012,MA023,Ukkusissat,259
88,2012,MA024,Saattut,251
89,2012,MA024,Ukkusissat,274
90,2012,MA025,Ukkusissat,289
91,2012,MA026,Ikerasak,237
92,2012,MA026,Nuugaatsiaq,184
93,2012,MA026,Saattut,272
94,2012,MA026,Ukkusissat,214
95,2012,MA027,Niaqornat,176
96,2012,MA027,Qasigiannguit,212
97,2012,MA027,Saattut,195
98,2012,MA027,Ukkusissat,289
99,2012,MA027,Uummannaq,170
100,2012,MA028,Saattut,202
101,2012,MA028,Ukkusissat,298
102,2012,MA029,Ukkusissat,271
103,2012,MB024,Ukkusissat,295
104,2012,MB025,Saattut,274
105,2012,MB025,Ukkusissat,303
106,2012,MB026,Ukkusissat,305
107,2012,MB027,Ukkusissat,307
108,2012,MB028,Ukkusissat,305
109,2012,MB029,Ukkusissat,260
110,2012,MD019,Illorsuit,297
111,2012,MF019,Nuugaatsiaq,295
112,2012,MF020,Nuugaatsiaq,259
113,2012,MF021,Nuugaatsiaq,285
114,2012,MG019,Nuugaatsiaq,218
115,2012,MG020,Nuugaatsiaq,204
116,2012,MG020,Saattut,279
117,2012,MG021,Nuugaatsiaq,313
118,2012,MG022,Nuugaatsiaq,299
119,2012,MM011,Upernavik,201
120,2012,MM011,Upernavik Kujalleq,335
121,2012,MM012,Upernavik,223
122,2012,MM012,Upernavik Kujalleq,306
123,2012,MM013,Upernavik Kujalleq,205
124,2012,MN013,Innaarsuit,335
125,2012,MN013,Kangersuatsiaq,336
126,2012,MN013,Upernavik Kujalleq,336
127,2012,MT007,Upernavik,224
128,2012,MT008,Upernavik,252
129,2012,MT010,Upernavik,219
130,2012,MV010,Upernavik,267
131,2012,MV011,Upernavik,254
132,2012,MV012,Upernavik,267
133,2012,MX008,Innaarsuit,302
134,2012,MX008,Naajaat,187
135,2012,MX009,Innaarsuit,306
136,2012,MX009,Kangersuatsiaq,299
137,2012,MX009,Naajaat,306
138,2012,MX009,Upernavik,285
139,2012,MX010,Innaarsuit,289
140,2012,MX011,Innaarsuit,264
141,2012,MX011,Naajaat,211
142,2012,MX011,Upernavik,266
143,2012,MX012,Innaarsuit,208
144,2012,MX012,Naajaat,208
145,2012,MZ008,Innaarsuit,306
146,2012,MZ008,Naajaat,183
147,2012,MZ008,Ukkusissat,75
148,2012,MZ008,Upernavik,229
149,2012,MZ009,Innaarsuit,308
150,2012,MZ009,Naajaat,201
151,2012,MZ009,Upernavik,225
152,2012,MZ010,Innaarsuit,299
153,2012,MZ010,Naajaat,225
154,2012,MZ010,Upernavik,251
155,2012,MZ011,Innaarsuit,289
156,2012,MZ011,Naajaat,226
157,2012,MZ011,Upernavik,288
158,2012,NA008,Innaarsuit,215
159,2012,NA008,Kullorsuaq,223
160,2012,NA008,Nutaarmiut,212
161,2012,NA008,Upernavik,299
162,2012,NA008,Upernavik Kujalleq,223
163,2012,NA009,Innaarsuit,202
164,2012,NA009,Upernavik,289
165,2012,NB006,Upernavik,209
166,2012,NB007,Kangersuatsiaq,254
167,2012,NB007,Nutaarmiut,257
168,2012,NB007,Upernavik,300
169,2012,NB008,Innaarsuit,250
170,2012,NB008,Kangersuatsiaq,238
171,2012,NB008,Nutaarmiut,219
172,2012,NB008,Upernavik,287
173,2012,NB009,Nutaarmiut,236
174,2012,NB009,Upernavik,238
175,2012,ND007,"Ikerasaarsuk, Upernavik",264
176,2012,ND007,Innaarsuit,202
177,2012,ND007,Kangersuatsiaq,267
178,2012,ND007,Nutaarmiut,306
179,2012,ND007,Upernavik,272
180,2012,ND008,"Ikerasaarsuk, Upernavik",215
181,2012,ND008,Innaarsuit,236
182,2012,ND008,Kangersuatsiaq,261
183,2012,ND008,Kullorsuaq,236
184,2012,ND008,Nutaarmiut,238
185,2012,ND008,Upernavik,306
186,2012,ND008,Upernavik Kujalleq,229
187,2012,ND009,Upernavik,217
188,2012,NG004,Upernavik,252
189,2012,NG005,Kullorsuaq,237
190,2012,NG005,Upernavik,212
191,2012,NG006,Kullorsuaq,236
192,2012,NG006,Upernavik,254
193,2012,NG007,Upernavik,254
194,2012,NH004,Kullorsuaq,259
195,2012,NH004,Upernavik,254
196,2012,NH005,Upernavik,208
197,2012,NH006,Upernavik,247
198,2012,NH007,Kullorsuaq,229
199,2012,NH007,Upernavik,254
200,2012,NH007,Upernavik Kujalleq,222
201,2012,NM003,Kullorsuaq,314
202,2012,NM003,Upernavik,287
203,2012,NM004,Kullorsuaq,259
204,2012,NM005,Kullorsuaq,299
205,2012,NM006,Kullorsuaq,306
206,2012,NM006,Upernavik Kujalleq,208
207,2012,NN003,Kullorsuaq,264
208,2012,NN004,Kullorsuaq,313
209,2012,NN004,Upernavik,289
210,2012,NN005,Kullorsuaq,309
211,2012,NN005,Upernavik,299
212,2012,NN006,Kullorsuaq,313
213,2012,NN006,Upernavik,309
214,2012,NN007,Kullorsuaq,309
215,2012,NN007,Upernavik,299
216,2012,NN007,Upernavik Kujalleq,201
217,2013,600B3,Sermiligaaq,257
218,2013,KE019,Itilleq,222
219,2013,LB023,Akunnaaq,253
220,2013,LB023,Ikamiut,251
221,2013,LD021,Uummannaq,241
222,2013,LD023,Akunnaaq,251
223,2013,LD024,Akunnaaq,234
224,2013,LD028,Qasigiannguit,258
225,2013,LF019,Qeqertarsuaq,277
226,2013,LG018,Qeqertarsuaq,251
227,2013,LG028,Ilulissat,251
228,2013,LG029,Ilulissat,143
229,2013,LG030,Ilulissat,287
230,2013,LG031,Ilulissat,279
231,2013,LH018,Qeqertarsuaq,252
232,2013,LH019,Qeqertarsuaq,245
233,2013,LN025,Saqqaq,214
234,2013,LN026,Saqqaq,239
235,2013,LN027,Qasigiannguit,225
236,2013,LN027,Qeqertaq,228
237,2013,LN027,Saattut,225
238,2013,LN028,Qeqertaq,252
239,2013,LN028,Saattut,221
240,2013,LP025,Saqqaq,242
241,2013,LP026,Saqqaq,242
242,2013,LP027,Qeqertaq,217
243,2013,LP028,Qasigiannguit,238
244,2013,LP028,Qeqertaq,269
245,2013,LP028,Saattut,245
246,2013,LT026,Ikerasak,280
247,2013,LT027,Ikerasak,280
248,2013,LT027,Ilulissat,232
249,2013,LT027,Uummannaq,256
250,2013,LT028,Ikerasak,276
251,2013,LT028,Uummannaq,251
252,2013,LT029,Ikerasak,276
253,2013,LV024,Ilulissat,252
254,2013,LV024,Qaarsut,242
255,2013,LV024,Uummannaq,255
256,2013,LV025,Ikerasak,220
257,2013,LV025,Qaarsut,239
258,2013,LV025,Uummannaq,264
259,2013,LV026,Ikerasak,256
260,2013,LV026,Illorsuit,224
261,2013,LV026,Qaarsut,264
262,2013,LV026,Uummannaq,250
263,2013,LV027,Ikerasak,280
264,2013,LV027,Illorsuit,235
265,2013,LV027,Ilulissat,256
266,2013,LV027,Saattut,252
267,2013,LV027,Uummannaq,237
268,2013,LV028,Ikerasak,251
269,2013,LV028,Saattut,264
270,2013,LV028,Uummannaq,272
271,2013,LV029,Nuugaatsiaq,232
272,2013,LX022,Qaarsut,267
273,2013,LX023,Qaarsut,269
274,2013,LX023,Uummannaq,280
275,2013,LX024,Ikerasak,257
276,2013,LX024,Illorsuit,234
277,2013,LX024,Ilulissat,249
278,2013,LX024,Niaqornat,257
279,2013,LX024,Qaarsut,280
280,2013,LX024,Saattut,278
281,2013,LX024,Uummannaq,280
282,2013,LX025,Illorsuit,228
283,2013,LX025,Niaqornat,217
284,2013,LX025,Qaarsut,238
285,2013,LX025,Saattut,253
286,2013,LX025,Uummannaq,280
287,2013,LX026,Illorsuit,230
288,2013,LX026,Nuugaatsiaq,218
289,2013,LX026,Saattut,256
290,2013,LX026,Uummannaq,280
291,2013,LX027,Ikerasak,242
292,2013,LX027,Niaqornat,231
293,2013,LX027,Saattut,279
294,2013,LX027,Ukkusissat,265
295,2013,LX027,Uummannaq,251
296,2013,LX028,Ikerasak,239
297,2013,LX028,Saattut,256
298,2013,LX028,Uummannaq,245
299,2013,LZ018,Niaqornat,249
300,2013,LZ022,Qaarsut,280
301,2013,LZ023,Qaarsut,264
302,2013,LZ024,Saattut,266
303,2013,LZ025,Saattut,280
304,2013,LZ025,Uummannaq,273
305,2013,LZ026,Niaqornat,266
306,2013,LZ026,Nuugaatsiaq,220
307,2013,LZ026,Saattut,280
308,2013,LZ026,Uummannaq,231
309,2013,LZ027,Illorsuit,249
310,2013,LZ027,Saattut,255
311,2013,LZ027,Uummannaq,218
312,2013,LZ028,Saattut,228
313,2013,MA024,Ukkusissat,279
314,2013,MA025,Niaqornat,264
315,2013,MA025,Saattut,264
316,2013,MA025,Ukkusissat,267
317,2013,MA025,Uummannaq,280
318,2013,MA026,Niaqornat,256
319,2013,MA026,Saattut,280
320,2013,MA027,Niaqornat,234
321,2013,MA027,Saattut,266
322,2013,MA028,Ukkusissat,218
323,2013,MA029,Saattut,203
324,2013,MB024,Nuugaatsiaq,256
325,2013,MB024,Ukkusissat,271
326,2013,MB025,Saattut,245
327,2013,MB025,Ukkusissat,271
328,2013,MB026,Nuugaatsiaq,182
329,2013,MB026,Ukkusissat,222
330,2013,MB027,Ukkusissat,256
331,2013,MB028,Ukkusissat,213
332,2013,MD019,Illorsuit,235
333,2013,MF019,Nuugaatsiaq,315
334,2013,MF020,Nuugaatsiaq,308
335,2013,MF020,Uummannaq,286
336,2013,MF021,Nuugaatsiaq,256
337,2013,MG019,Nuugaatsiaq,295
338,2013,MG021,Nuugaatsiaq,284
339,2013,MG022,Nuugaatsiaq,266
340,2013,MG023,Nuugaatsiaq,295
341,2013,MM011,Naajaat,217
342,2013,MM011,Upernavik Kujalleq,291
343,2013,MM012,Upernavik Kujalleq,266
344,2013,MN012,Upernavik Kujalleq,258
345,2013,MN013,Upernavik Kujalleq,294
346,2013,MT010,Upernavik,253
347,2013,MV010,Upernavik,265
348,2013,MV013,Innaarsuit,141
349,2013,MX008,Innaarsuit,270
350,2013,MX009,Innaarsuit,280
351,2013,MX009,Naajaat,281
352,2013,MX009,Nuuk,267
353,2013,MX009,Upernavik,280
354,2013,MX009,Upernavik Kujalleq,280
355,2013,MX010,Innaarsuit,271
356,2013,MX010,Nuuk,271
357,2013,MX010,Upernavik,272
358,2013,MZ008,Innaarsuit,284
359,2013,MZ008,Kangersuatsiaq,280
360,2013,MZ008,Nuuk,280
361,2013,MZ008,Upernavik,249
362,2013,MZ009,Innaarsuit,285
363,2013,MZ009,Naajaat,291
364,2013,MZ009,Nuuk,267
365,2013,MZ009,Upernavik,267
366,2013,MZ010,Innaarsuit,280
367,2013,MZ010,Naajaat,242
368,2013,MZ010,Nuuk,274
369,2013,MZ010,Upernavik,271
370,2013,MZ010,Upernavik Kujalleq,267
371,2013,MZ011,Innaarsuit,236
372,2013,NA008,Innaarsuit,284
373,2013,NA008,Nutaarmiut,230
374,2013,NA008,Upernavik,286
375,2013,NB007,Upernavik,271
376,2013,NB008,Innaarsuit,278
377,2013,NB008,Kullorsuaq,245
378,2013,NB008,Nutaarmiut,239
379,2013,NB008,Upernavik,286
380,2013,NB009,Upernavik,284
381,2013,ND007,"Ikerasaarsuk, Upernavik",284
382,2013,ND007,Innaarsuit,225
383,2013,ND007,Kangersuatsiaq,265
384,2013,ND007,Kullorsuaq,291
385,2013,ND007,Nutaarmiut,291
386,2013,ND007,Upernavik,270
387,2013,ND008,Kangersuatsiaq,264
388,2013,ND008,Kullorsuaq,267
389,2013,ND008,Nutaarmiut,273
390,2013,ND008,Upernavik,291
391,2013,ND009,Upernavik,281
392,2013,NG006,Upernavik,235
393,2013,NG007,Kullorsuaq,208
394,2013,NG007,Upernavik,239
395,2013,NH005,Upernavik,235
396,2013,NH006,Upernavik,230
397,2013,NH007,Upernavik,217
398,2013,NH008,Upernavik,214
399,2013,NM003,Kullorsuaq,287
400,2013,NM004,Kullorsuaq,193
401,2013,NM005,Kullorsuaq,230
402,2013,NM006,Kullorsuaq,216
403,2013,NM006,Upernavik,242
404,2013,NN003,Kullorsuaq,284
405,2013,NN004,Kullorsuaq,286
406,2013,NN004,Upernavik,287
407,2013,NN005,Kullorsuaq,287
408,2013,NN005,Upernavik,274
409,2013,NN006,Kullorsuaq,287
410,2013,NN006,Kulusuk,144
411,2013,NN006,Naajaat,144
412,2013,NN006,Upernavik,278
413,2013,NN007,Kullorsuaq,287
414,2013,NN007,Upernavik,278
415,2013,PP390,Qaanaaq,235
416,2013,PP391,Qaanaaq,225
417,2013,PR396,Qaanaaq,300
418,2013,PS394,Qaanaaq,215
419,2013,PS395,Qaanaaq,319
420,2013,PS395,Siorapaluk,333
421,2013,PS396,Qaanaaq,323
422,2013,PS396,Siorapaluk,322
423,2013,PS404,Qaanaaq,305
424,2013,PS404,Qeqertat,229
425,2013,PS404,Siorapaluk,258
426,2013,PS405,Qaanaaq,225
427,2013,PS405,Qeqertat,270
428,2013,PS405,Siorapaluk,295
429,2013,PT398,Qaanaaq,294
430,2013,PT404,Qaanaaq,200
431,2013,PT404,Qeqertat,200
432,2013,PT404,Siorapaluk,186
433,2013,PT405,Qaanaaq,308
434,2013,PT405,Qeqertat,302
435,2013,PT405,Siorapaluk,309
436,2013,PT406,Qaanaaq,224
437,2013,PT406,Qeqertat,329
438,2013,PT406,Siorapaluk,223
439,2014,KE019,Itilleq,216
440,2014,KH020,Sarfannguit,221
441,2014,KH021,Sarfannguit,242
442,2014,KH021,Sisimiut,227
443,2014,KS018,Attu,214
444,2014,KT018,Kangaatsiaq,209
445,2014,KT019,Iginniarfik,208
446,2014,KT019,"Ikerasaarsuk, Kangaatsiaq",204
447,2014,KT019,Kangaatsiaq,212
448,2014,KT020,Iginniarfik,211
449,2014,KT020,"Ikerasaarsuk, Kangaatsiaq",182
450,2014,KT020,Kangaatsiaq,194
451,2014,KV019,"Ikerasaarsuk, Kangaatsiaq",212
452,2014,KV019,Kangaatsiaq,207
453,2014,KV020,Iginniarfik,206
454,2014,KV020,"Ikerasaarsuk, Kangaatsiaq",206
455,2014,KX020,Kangaatsiaq,237
456,2014,LA026,Saattut,242
457,2014,LB022,Akunnaaq,231
458,2014,LB023,Akunnaaq,259
459,2014,LB024,Akunnaaq,259
460,2014,LB025,Ikamiut,285
461,2014,LB028,Qasigiannguit,255
462,2014,LD022,Aasiaat,226
463,2014,LD022,Akunnaaq,234
464,2014,LD023,Akunnaaq,261
465,2014,LD026,Qasigiannguit,214
466,2014,LD027,Qasigiannguit,255
467,2014,LD028,Qasigiannguit,265
468,2014,LE027,Ilulissat,250
469,2014,LE028,Qasigiannguit,234
470,2014,LF026,Ilimanaq,214
471,2014,LF028,Ilimanaq,262
472,2014,LG018,Qeqertarsuaq,227
473,2014,LG028,Ilulissat,240
474,2014,LG029,Ilulissat,242
475,2014,LG030,Ilimanaq,249
476,2014,LG030,Ilulissat,303
477,2014,LG030,Nuuk,242
478,2014,LG030,Qasigiannguit,228
479,2014,LG031,Ilulissat,268
480,2014,LH018,Qeqertarsuaq,227
481,2014,LH019,Qeqertarsuaq,271
482,2014,LL027,Ikerasak,220
483,2014,LN024,Qeqertaq,227
484,2014,LN024,Saqqaq,238
485,2014,LN025,Qeqertaq,238
486,2014,LN025,Saqqaq,243
487,2014,LN026,Ilulissat,195
488,2014,LN026,Saqqaq,234
489,2014,LN027,Ilulissat,213
490,2014,LN027,Qeqertaq,269
491,2014,LN027,Saattut,223
492,2014,LN027,Saqqaq,220
493,2014,LN028,Ilulissat,262
494,2014,LN028,Qeqertaq,269
495,2014,LN028,Saattut,195
496,2014,LN028,Saqqaq,199
497,2014,LN029,Qeqertaq,251
498,2014,LP024,Saqqaq,238
499,2014,LP025,Saqqaq,213
500,2014,LP026,Saqqaq,221
501,2014,LP028,Qeqertaq,271
502,2014,LT026,Ikerasak,269
503,2014,LT026,Qaarsut,198
504,2014,LT027,Ikerasak,277
505,2014,LT028,Ikerasak,275
506,2014,LT028,Qeqertaq,220
507,2014,LT028,Uummannaq,217
508,2014,LV024,Ikerasak,268
509,2014,LV024,Niaqornat,233
510,2014,LV024,Qaarsut,222
511,2014,LV024,Saattut,270
512,2014,LV024,Uummannaq,275
513,2014,LV025,Niaqornat,226
514,2014,LV025,Qaarsut,231
515,2014,LV025,Qeqertaq,269
516,2014,LV025,Uummannaq,266
517,2014,LV026,Ikerasak,275
518,2014,LV026,Niaqornat,213
519,2014,LV026,Qaarsut,240
520,2014,LV026,Saattut,266
521,2014,LV026,Upernavik,266
522,2014,LV026,Uummannaq,277
523,2014,LV027,Ikerasak,277
524,2014,LV027,Illorsuit,209
525,2014,LV027,Ilulissat,257
526,2014,LV027,Uummannaq,241
527,2014,LV028,Ikerasak,257
528,2014,LV028,Uummannaq,270
529,2014,LV029,Ikerasak,269
530,2014,LV029,Saattut,242
531,2014,LV029,Uummannaq,260
532,2014,LX021,Qaarsut,284
533,2014,LX021,Uummannaq,284
534,2014,LX022,Qaarsut,278
535,2014,LX023,Ikerasak,275
536,2014,LX023,Niaqornat,262
537,2014,LX023,Qaarsut,284
538,2014,LX023,Qeqertaq,282
539,2014,LX023,Saattut,280
540,2014,LX023,Upernavik Kujalleq,220
541,2014,LX023,Uummannaq,284
542,2014,LX024,Ikerasak,281
543,2014,LX024,Illorsuit,289
544,2014,LX024,Niaqornat,265
545,2014,LX024,Qaarsut,277
546,2014,LX024,Saattut,280
547,2014,LX024,Ukkusissat,277
548,2014,LX024,Upernavik,275
549,2014,LX024,Upernavik Kujalleq,223
550,2014,LX024,Uummannaq,306
551,2014,LX025,Ikerasak,280
552,2014,LX025,Niaqornat,269
553,2014,LX025,Qaarsut,201
554,2014,LX025,Saattut,268
555,2014,LX025,Uummannaq,277
556,2014,LX026,Ikerasak,276
557,2014,LX026,Qaarsut,208
558,2014,LX026,Saattut,277
559,2014,LX026,Upernavik,254
560,2014,LX026,Uummannaq,265
561,2014,LX027,Ikerasak,276
562,2014,LX027,Qaarsut,272
563,2014,LX027,Saattut,284
564,2014,LX027,Uummannaq,205
565,2014,LX028,Ikerasak,224
566,2014,LX028,Niaqornat,265
567,2014,LX028,Saattut,254
568,2014,LX029,Ikerasak,270
569,2014,LX029,Saattut,252
570,2014,LZ020,Qaarsut,272
571,2014,LZ020,Saattut,188
572,2014,LZ021,Ikerasak,279
573,2014,LZ021,Qaarsut,284
574,2014,LZ022,Qaarsut,282
575,2014,LZ022,Saattut,284
576,2014,LZ023,Niaqornat,276
577,2014,LZ023,Qaarsut,279
578,2014,LZ023,Saattut,273
579,2014,LZ023,Uummannaq,254
580,2014,LZ024,Nuugaatsiaq,277
581,2014,LZ024,Qaarsut,259
582,2014,LZ024,Saattut,257
583,2014,LZ024,Ukkusissat,277
584,2014,LZ024,Upernavik Kujalleq,223
585,2014,LZ024,Uummannaq,284
586,2014,LZ025,Niaqornat,215
587,2014,LZ025,Nuugaatsiaq,269
588,2014,LZ025,Saattut,284
589,2014,LZ026,Nuugaatsiaq,199
590,2014,LZ026,Qaarsut,241
591,2014,LZ026,Saattut,293
592,2014,LZ026,Upernavik Kujalleq,216
593,2014,LZ026,Uummannaq,249
594,2014,LZ027,Ikerasak,268
595,2014,LZ027,Nuugaatsiaq,249
596,2014,LZ027,Saattut,276
597,2014,LZ027,Upernavik Kujalleq,210
598,2014,LZ028,Ikerasak,202
599,2014,LZ028,Nuugaatsiaq,217
600,2014,LZ028,Saattut,270
601,2014,LZ028,Uummannaq,231
602,2014,LZ029,Saattut,254
603,2014,MA009,Naajaat,206
604,2014,MA022,Qaarsut,272
605,2014,MA022,Uummannaq,282
606,2014,MA023,Uummannaq,276
607,2014,MA024,Saattut,275
608,2014,MA024,Ukkusissat,284
609,2014,MA025,Ukkusissat,268
610,2014,MA026,Saattut,279
611,2014,MA027,Nuugaatsiaq,181
612,2014,MA027,Saattut,213
613,2014,MA028,Ukkusissat,265
614,2014,MB008,Upernavik,227
615,2014,MB019,Illorsuit,289
616,2014,MB022,Ukkusissat,284
617,2014,MB023,Ukkusissat,258
618,2014,MB024,Ukkusissat,283
619,2014,MB025,Ukkusissat,282
620,2014,MB026,Nuugaatsiaq,276
621,2014,MB026,Ukkusissat,348
622,2014,MB027,Ukkusissat,265
623,2014,MB028,Ukkusissat,283
624,2014,MD019,Illorsuit,308
625,2014,MD019,Ukkusissat,289
626,2014,MD019,Uummannaq,307
627,2014,MD020,Illorsuit,295
628,2014,MD020,Ukkusissat,280
629,2014,MD023,Ukkusissat,266
630,2014,MD024,Ukkusissat,259
631,2014,MD025,Ukkusissat,284
632,2014,ME019,Illorsuit,307
633,2014,ME020,Illorsuit,262
634,2014,ME021,Illorsuit,250
635,2014,MF019,Illorsuit,257
636,2014,MF019,Nuugaatsiaq,308
637,2014,MF020,Illorsuit,255
638,2014,MF020,Nuugaatsiaq,262
639,2014,MF021,Illorsuit,267
640,2014,MF021,Nuugaatsiaq,304
641,2014,MG018,Nuugaatsiaq,298
642,2014,MG019,Nuugaatsiaq,307
643,2014,MG020,Nuugaatsiaq,308
644,2014,MG020,Ukkusissat,298
645,2014,MG021,Illorsuit,294
646,2014,MG021,Nuugaatsiaq,308
647,2014,MG021,Saattut,298
648,2014,MG021,Ukkusissat,272
649,2014,MG021,Uummannaq,294
650,2014,MG022,Illorsuit,308
651,2014,MG022,Nuugaatsiaq,305
652,2014,MG022,Qeqertaq,246
653,2014,MG022,Saattut,291
654,2014,MG022,Ukkusissat,290
655,2014,MG022,Uummannaq,308
656,2014,MH006,Upernavik,223
657,2014,MM004,Kullorsuaq,241
658,2014,MM007,Upernavik Kujalleq,199
659,2014,MM010,Upernavik Kujalleq,255
660,2014,MM011,Naajaat,206
661,2014,MM011,Upernavik Kujalleq,259
662,2014,MM012,Kangersuatsiaq,227
663,2014,MM012,Naajaat,209
664,2014,MM012,Upernavik Kujalleq,259
665,2014,MN003,Kullorsuaq,237
666,2014,MN012,Upernavik Kujalleq,237
667,2014,MN013,Upernavik Kujalleq,223
668,2014,MS007,Upernavik,216
669,2014,MS008,Upernavik,228
670,2014,MT007,Upernavik,234
671,2014,MT008,Upernavik,265
672,2014,MT009,Upernavik,234
673,2014,MT010,Upernavik,231
674,2014,MT015,Kangersuatsiaq,37
675,2014,MV007,Upernavik,213
676,2014,MV009,Naajaat,185
677,2014,MV009,Upernavik,269
678,2014,MV010,Upernavik,272
679,2014,MV011,Upernavik,223
680,2014,MV012,Upernavik,262
681,2014,MV013,Upernavik,272
682,2014,MX008,Innaarsuit,262
683,2014,MX008,Kangersuatsiaq,262
684,2014,MX009,Innaarsuit,290
685,2014,MX009,Kangersuatsiaq,220
686,2014,MX009,Naajaat,269
687,2014,MX009,Upernavik,255
688,2014,MX010,Innaarsuit,185
689,2014,MX011,Naajaat,251
690,2014,MX011,Upernavik Kujalleq,276
691,2014,MZ006,Kangersuatsiaq,236
692,2014,MZ007,Innaarsuit,234
693,2014,MZ008,Innaarsuit,294
694,2014,MZ008,Kangersuatsiaq,293
695,2014,MZ008,Naajaat,185
696,2014,MZ008,Upernavik,265
697,2014,MZ008,Upernavik Kujalleq,283
698,2014,MZ009,Innaarsuit,293
699,2014,MZ009,Kangersuatsiaq,206
700,2014,MZ009,Naajaat,294
701,2014,MZ009,Upernavik,283
702,2014,MZ009,Upernavik Kujalleq,220
703,2014,MZ010,Innaarsuit,280
704,2014,MZ010,Kangersuatsiaq,283
705,2014,MZ010,Naajaat,290
706,2014,MZ010,Upernavik,276
707,2014,MZ010,Upernavik Kujalleq,230
708,2014,MZ011,Innaarsuit,276
709,2014,MZ011,Naajaat,255
710,2014,MZ011,Upernavik,276
711,2014,MZ011,Upernavik Kujalleq,271
712,2014,MZ012,Innaarsuit,234
713,2014,NA004,Upernavik Kujalleq,235
714,2014,NA005,Upernavik,164
715,2014,NA008,Innaarsuit,206
716,2014,NA008,Upernavik,285
717,2014,NA008,Upernavik Kujalleq,250
718,2014,NA009,Innaarsuit,241
719,2014,NA009,Upernavik,241
720,2014,NB007,Upernavik,243
721,2014,NB008,Kullorsuaq,203
722,2014,NB008,Upernavik,287
723,2014,NB009,Upernavik,238
724,2014,ND007,"Ikerasaarsuk, Upernavik",301
725,2014,ND007,Kangersuatsiaq,300
726,2014,ND007,Nutaarmiut,301
727,2014,ND007,Upernavik,301
728,2014,ND007,Upernavik Kujalleq,298
729,2014,ND008,Innaarsuit,276
730,2014,ND008,Kangersuatsiaq,241
731,2014,ND008,Kullorsuaq,215
732,2014,ND008,Nutaarmiut,290
733,2014,ND008,Upernavik,290
734,2014,ND008,Upernavik Kujalleq,277
735,2014,ND009,Kullorsuaq,227
736,2014,ND009,Upernavik,229
737,2014,ND010,Upernavik,276
738,2014,ND010,Upernavik Kujalleq,276
739,2014,NG005,Upernavik,271
740,2014,NG006,Upernavik,276
741,2014,NG007,Upernavik,272
742,2014,NH004,Upernavik,276
743,2014,NH005,Upernavik,272
744,2014,NH006,Upernavik,276
745,2014,NH007,Upernavik,270
746,2014,NM003,Kullorsuaq,311
747,2014,NM003,Upernavik,242
748,2014,NM004,Kullorsuaq,280
749,2014,NM005,Kullorsuaq,276
750,2014,NM006,Kullorsuaq,271
751,2014,NM007,Kullorsuaq,277
752,2014,NM008,Upernavik,212
753,2014,NN003,Kullorsuaq,280
754,2014,NN004,Kullorsuaq,311
755,2014,NN004,Upernavik,222
756,2014,NN005,Kullorsuaq,311
757,2014,NN005,Upernavik,206
758,2014,NN006,Kullorsuaq,311
759,2014,NN006,Upernavik,230
760,2014,NN007,Kullorsuaq,241
761,2014,NZ009,Upernavik Kujalleq,206
762,2014,PR393,Qaanaaq,276
763,2014,PR395,Qaanaaq,283
764,2014,PR396,Qaanaaq,293
765,2014,PR397,Qaanaaq,293
766,2014,PR398,Qaanaaq,216
767,2014,PR406,Qaanaaq,180
768,2014,PS394,Qaanaaq,237
769,2014,PS395,Qaanaaq,293
770,2014,PS395,Qeqertat,209
771,2014,PS395,Siorapaluk,293
772,2014,PS396,Qaanaaq,293
773,2014,PS396,Siorapaluk,230
774,2014,PS397,Qaanaaq,206
775,2014,PS405,Qaanaaq,290
776,2014,PS405,Qeqertat,290
777,2014,PT398,Qaanaaq,292
778,2014,PT401,Qaanaaq,199
779,2014,PT404,Qaanaaq,287
780,2014,PT404,Qeqertat,236
781,2014,PT405,Qaanaaq,293
782,2014,PT405,Qeqertat,293
783,2014,PT405,Savissivik,278
784,2014,PT405,Siorapaluk,290
785,2014,PT406,Qaanaaq,279
786,2014,PT406,Siorapaluk,220
787,2015,LB023,Ilulissat,255
788,2015,LG028,Ilulissat,204
789,2015,LG029,Ilulissat,197
790,2015,LG030,Ilulissat,265
791,2015,LG030,Oqaatsut,201
792,2015,LG031,Ilulissat,199
793,2015,LH019,Qeqertarsuaq,206
794,2015,LJ019,Qeqertarsuaq,198
795,2015,LN025,Saqqaq,200
796,2015,LN026,Saqqaq,199
797,2015,LN027,Qeqertaq,323
798,2015,LN027,Saqqaq,200
799,2015,LN028,Qeqertaq,205
800,2015,LP025,Saqqaq,198
801,2015,LP027,Qeqertaq,205
802,2015,LP028,Qeqertaq,205
803,2015,LT026,Ikerasak,198
804,2015,LT026,Uummannaq,244
805,2015,LT027,Ikerasak,263
806,2015,LT028,Ikerasak,250
807,2015,LT028,Uummannaq,227
808,2015,LT029,Ikerasak,350
809,2015,LV024,Qaarsut,242
810,2015,LV024,Uummannaq,251
811,2015,LV025,Niaqornat,232
812,2015,LV025,Qaarsut,255
813,2015,LV025,Uummannaq,234
814,2015,LV026,Ikerasak,254
815,2015,LV026,Saattut,181
816,2015,LV026,Uummannaq,227
817,2015,LV027,Ikerasak,264
818,2015,LV027,Ilulissat,202
819,2015,LV027,Qaarsut,212
820,2015,LV027,Saattut,230
821,2015,LV027,Saqqaq,211
822,2015,LV027,Ukkusissat,232
823,2015,LV027,Uummannaq,226
824,2015,LV028,Ikerasak,225
825,2015,LV028,Niaqornat,253
826,2015,LV028,Qaarsut,179
827,2015,LV028,Saattut,141
828,2015,LV028,Uummannaq,207
829,2015,LV029,Niaqornat,257
830,2015,LV029,Qaarsut,178
831,2015,LV029,Uummannaq,209
832,2015,LX023,Qaarsut,249
833,2015,LX023,Ukkusissat,234
834,2015,LX023,Uummannaq,251
835,2015,LX024,Illorsuit,220
836,2015,LX024,Niaqornat,251
837,2015,LX024,Nuugaatsiaq,250
838,2015,LX024,Qaarsut,251
839,2015,LX024,Saattut,250
840,2015,LX024,Ukkusissat,250
841,2015,LX024,Uummannaq,307
842,2015,LX025,Qaarsut,253
843,2015,LX025,Saattut,215
844,2015,LX025,Uummannaq,254
845,2015,LX026,Qaarsut,251
846,2015,LX026,Saattut,270
847,2015,LX026,Uummannaq,251
848,2015,LX027,Ikerasak,254
849,2015,LX027,Ilulissat,253
850,2015,LX027,Qaarsut,164
851,2015,LX027,Saattut,258
852,2015,LX027,Uummannaq,253
853,2015,LX028,Ikerasak,205
854,2015,LX028,Qaarsut,248
855,2015,LX028,Saattut,255
856,2015,LX028,Uummannaq,233
857,2015,LX029,Ikerasak,253
858,2015,LX029,Saattut,193
859,2015,LZ022,Qaarsut,208
860,2015,LZ022,Saattut,200
861,2015,LZ023,Qaarsut,209
862,2015,LZ024,Uummannaq,234
863,2015,LZ025,Niaqornat,226
864,2015,LZ025,Qaarsut,243
865,2015,LZ025,Saattut,258
866,2015,LZ026,Niaqornat,230
867,2015,LZ026,Nuugaatsiaq,157
868,2015,LZ026,Saattut,277
869,2015,LZ026,Ukkusissat,275
870,2015,LZ026,Uummannaq,258
871,2015,LZ027,Saattut,271
872,2015,LZ028,Nuugaatsiaq,176
873,2015,LZ028,Saattut,202
874,2015,LZ028,Ukkusissat,272
875,2015,LZ028,Uummannaq,251
876,2015,LZ029,Saattut,258
877,2015,MA020,Ukkusissat,238
878,2015,MA024,Qaarsut,244
879,2015,MA024,Saattut,271
880,2015,MA024,Ukkusissat,258
881,2015,MA024,Uummannaq,263
882,2015,MA025,Saattut,257
883,2015,MA025,Ukkusissat,255
884,2015,MA025,Uummannaq,233
885,2015,MA026,Saattut,272
886,2015,MA026,Ukkusissat,251
887,2015,MA027,Saattut,269
888,2015,MA027,Ukkusissat,269
889,2015,MA028,Ukkusissat,275
890,2015,MB023,Ukkusissat,192
891,2015,MB024,Ukkusissat,267
892,2015,MB025,Ukkusissat,275
893,2015,MB026,Ukkusissat,268
894,2015,MB026,Uummannaq,268
895,2015,MB027,Ukkusissat,271
896,2015,MB028,Ukkusissat,268
897,2015,MD024,Illorsuit,151
898,2015,MF019,Nuugaatsiaq,262
899,2015,MF020,Nuugaatsiaq,233
900,2015,MF020,Uummannaq,226
901,2015,MF021,Nuugaatsiaq,228
902,2015,MG019,Nuugaatsiaq,254
903,2015,MG019,Ukkusissat,242
904,2015,MG020,Nuugaatsiaq,272
905,2015,MG021,Nuugaatsiaq,270
906,2015,MG022,Nuugaatsiaq,268
907,2015,MG023,Nuugaatsiaq,223
908,2015,MM011,Naajaat,198
909,2015,MM011,Upernavik Kujalleq,233
910,2015,MM012,Kangersuatsiaq,205
911,2015,MM012,Naajaat,201
912,2015,MM012,Upernavik Kujalleq,233
913,2015,MN006,Kullorsuaq,187
914,2015,MN006,Upernavik,235
915,2015,MT010,Upernavik,231
916,2015,MV008,Innaarsuit,242
917,2015,MV008,Upernavik,225
918,2015,MV009,Innaarsuit,225
919,2015,MV009,Naajaat,249
920,2015,MV009,Upernavik,253
921,2015,MV010,Innaarsuit,179
922,2015,MV010,Upernavik,246
923,2015,MV011,Upernavik,220
924,2015,MV012,Upernavik,226
925,2015,MV013,Upernavik,223
926,2015,MX008,Innaarsuit,240
927,2015,MX009,Innaarsuit,249
928,2015,MX009,Kangersuatsiaq,270
929,2015,MX009,Kullorsuaq,222
930,2015,MX009,Naajaat,211
931,2015,MX009,Nuuk,227
932,2015,MX009,Upernavik,234
933,2015,MX009,Upernavik Kujalleq,263
934,2015,MX010,Innaarsuit,214
935,2015,MX010,Upernavik,247
936,2015,MX011,Innaarsuit,221
937,2015,MZ007,Innaarsuit,191
938,2015,MZ007,Kullorsuaq,213
939,2015,MZ008,Ilulissat,170
940,2015,MZ008,Innaarsuit,270
941,2015,MZ008,Kangersuatsiaq,272
942,2015,MZ008,Kullorsuaq,160
943,2015,MZ008,Naajaat,281
944,2015,MZ008,Nuuk,215
945,2015,MZ008,Upernavik,215
946,2015,MZ008,Upernavik Kujalleq,247
947,2015,MZ009,Ilulissat,231
948,2015,MZ009,Innaarsuit,278
949,2015,MZ009,Kangersuatsiaq,246
950,2015,MZ009,Kullorsuaq,281
951,2015,MZ009,Naajaat,288
952,2015,MZ009,Nuuk,237
953,2015,MZ009,Upernavik,225
954,2015,MZ009,Upernavik Kujalleq,270
955,2015,MZ010,Innaarsuit,263
956,2015,MZ010,Naajaat,275
957,2015,MZ010,Upernavik,281
958,2015,MZ010,Upernavik Kujalleq,231
959,2015,MZ011,Innaarsuit,237
960,2015,MZ011,Naajaat,270
961,2015,MZ011,Upernavik,221
962,2015,MZ011,Upernavik Kujalleq,266
963,2015,MZ012,Upernavik,203
964,2015,NA008,Ilulissat,227
965,2015,NA008,Innaarsuit,214
966,2015,NA008,Kullorsuaq,216
967,2015,NA008,Upernavik,296
968,2015,NA009,Innaarsuit,249
969,2015,NA009,Upernavik,190
970,2015,NB007,Upernavik,172
971,2015,NB008,Kullorsuaq,220
972,2015,NB008,Upernavik,282
973,2015,ND006,Nutaarmiut,297
974,2015,ND007,"Ikerasaarsuk, Upernavik",279
975,2015,ND007,Innaarsuit,233
976,2015,ND007,Kangersuatsiaq,241
977,2015,ND007,Kullorsuaq,186
978,2015,ND007,Nutaarmiut,284
979,2015,ND007,Upernavik,284
980,2015,ND008,Ilulissat,248
981,2015,ND008,Innaarsuit,226
982,2015,ND008,Kangersuatsiaq,233
983,2015,ND008,Kullorsuaq,233
984,2015,ND008,Nutaarmiut,282
985,2015,ND008,Upernavik,297
986,2015,ND009,Innaarsuit,235
987,2015,ND009,Nutaarmiut,186
988,2015,ND009,Upernavik,284
989,2015,ND010,Upernavik,160
990,2015,NE010,Innaarsuit,251
991,2015,NG006,Upernavik,156
992,2015,NG007,Upernavik,205
993,2015,NH006,Upernavik,163
994,2015,NH007,Upernavik,136
995,2015,NL005,Upernavik,222
996,2015,NM003,Kullorsuaq,286
997,2015,NM003,Upernavik,229
998,2015,NM004,Kullorsuaq,247
999,2015,NM005,Kullorsuaq,177
1000,2015,NM006,Kullorsuaq,264
1001,2015,NM007,Kullorsuaq,241
1002,2015,NM007,Upernavik,242
1003,2015,NN003,Kullorsuaq,251
1004,2015,NN004,Kullorsuaq,296
1005,2015,NN004,Upernavik,284
1006,2015,NN005,Innaarsuit,264
1007,2015,NN005,Kullorsuaq,286
1008,2015,NN006,Innaarsuit,271
1009,2015,NN006,Kangersuatsiaq,275
1010,2015,NN006,Kullorsuaq,286
1011,2015,NN006,Upernavik,284
1012,2015,NN007,Kullorsuaq,286
1013,2015,NN007,Naajaat,142
1014,2015,NN007,Upernavik,286
1015,2015,PR392,Qaanaaq,251
1016,2015,PR395,Qaanaaq,285
1017,2015,PR396,Qaanaaq,306
1018,2015,PR396,Savissivik,233
1019,2015,PR397,Qaanaaq,284
1020,2015,PR397,Qeqertat,235
1021,2015,PR397,Siorapaluk,268
1022,2015,PR398,Qaanaaq,227
1023,2015,PS392,Qaanaaq,219
1024,2015,PS394,Qaanaaq,177
1025,2015,PS395,Qaanaaq,320
1026,2015,PS395,Qeqertat,170
1027,2015,PS395,Siorapaluk,275
1028,2015,PS396,Qaanaaq,320
1029,2015,PS397,Qaanaaq,319
1030,2015,PS398,Qaanaaq,327
1031,2015,PS405,Qaanaaq,208
1032,2015,PS405,Qeqertat,297
1033,2015,PS405,Siorapaluk,193
1034,2015,PS406,Qaanaaq,208
1035,2015,PS406,Qeqertat,194
1036,2015,PT398,Qaanaaq,206
1037,2015,PT405,Qaanaaq,297
1038,2015,PT405,Qeqertat,296
1039,2015,PT405,Siorapaluk,279
1040,2015,PT406,Qaanaaq,276
1041,2015,PT406,Qeqertat,243
1042,2015,PT406,Siorapaluk,194
1043,2016,KH021,Sarfannguit,189
1044,2016,LA025,Ikamiut,276
1045,2016,LA026,Saattut,192
1046,2016,LB023,Akunnaaq,269
1047,2016,LB023,Ikamiut,227
1048,2016,LB024,Ikamiut,220
1049,2016,LB025,Ikamiut,280
1050,2016,LB025,Qasigiannguit,252
1051,2016,LB026,Ikamiut,267
1052,2016,LB027,Qasigiannguit,270
1053,2016,LB028,Qasigiannguit,226
1054,2016,LD024,Akunnaaq,248
1055,2016,LD024,Qasigiannguit,267
1056,2016,LD025,Akunnaaq,236
1057,2016,LD026,Qasigiannguit,240
1058,2016,LD027,Ikamiut,266
1059,2016,LD027,Qasigiannguit,273
1060,2016,LD028,Ikamiut,260
1061,2016,LD028,Qasigiannguit,280
1062,2016,LE027,Ikamiut,252
1063,2016,LE027,Qasigiannguit,268
1064,2016,LE028,Ikamiut,242
1065,2016,LE028,Qasigiannguit,260
1066,2016,LF026,Ilimanaq,240
1067,2016,LF026,Qasigiannguit,233
1068,2016,LF027,Ikamiut,231
1069,2016,LF027,Qasigiannguit,249
1070,2016,LF028,Ikamiut,261
1071,2016,LF028,Ilimanaq,249
1072,2016,LF028,Ilulissat,226
1073,2016,LF028,Qasigiannguit,269
1074,2016,LG018,Ilulissat,206
1075,2016,LG018,Kangerluk,254
1076,2016,LG018,Qeqertarsuaq,252
1077,2016,LG021,Nuugaatsiaq,205
1078,2016,LG028,Ilulissat,280
1079,2016,LG028,Saqqaq,209
1080,2016,LG029,Ilulissat,210
1081,2016,LG029,Saqqaq,199
1082,2016,LG030,Ilulissat,267
1083,2016,LG030,Oqaatsut,196
1084,2016,LG030,Qaarsut,191
1085,2016,LG030,Qasigiannguit,199
1086,2016,LG030,Saqqaq,218
1087,2016,LG031,Ilulissat,286
1088,2016,LG031,Qasigiannguit,199
1089,2016,LH018,Qeqertarsuaq,210
1090,2016,LH019,Qeqertarsuaq,210
1091,2016,LH020,Qeqertarsuaq,257
1092,2016,LH028,Ilulissat,190
1093,2016,LJ015,Qeqertarsuaq,304
1094,2016,LJ017,Kangerluk,227
1095,2016,LN024,Saqqaq,231
1096,2016,LN025,Saqqaq,224
1097,2016,LN026,Saqqaq,209
1098,2016,LN027,Qeqertaq,266
1099,2016,LN028,Ikerasak,207
1100,2016,LN028,Qeqertaq,252
1101,2016,LN028,Saqqaq,242
1102,2016,LP024,Saqqaq,226
1103,2016,LP025,Saqqaq,210
1104,2016,LP026,Saqqaq,225
1105,2016,LP027,Qeqertaq,218
1106,2016,LS029,Ikerasak,237
1107,2016,LT025,Uummannaq,182
1108,2016,LT026,Ikerasak,268
1109,2016,LT027,Ikerasak,294
1110,2016,LT027,Qeqertaq,289
1111,2016,LT027,Ukkusissat,290
1112,2016,LT027,Uummannaq,212
1113,2016,LT028,Ikerasak,288
1114,2016,LT028,Ukkusissat,267
1115,2016,LT029,Ikerasak,279
1116,2016,LV024,Qeqertaq,286
1117,2016,LV024,Uummannaq,290
1118,2016,LV025,Ikerasak,216
1119,2016,LV025,Niaqornat,268
1120,2016,LV025,Nuugaatsiaq,275
1121,2016,LV025,Qeqertaq,276
1122,2016,LV025,Saqqaq,241
1123,2016,LV025,Uummannaq,276
1124,2016,LV026,Ikerasak,280
1125,2016,LV026,Qaarsut,280
1126,2016,LV026,Uummannaq,272
1127,2016,LV027,Ikerasak,290
1128,2016,LV027,Qaarsut,279
1129,2016,LV027,Qeqertaq,280
1130,2016,LV027,Saattut,235
1131,2016,LV027,Ukkusissat,251
1132,2016,LV027,Upernavik Kujalleq,192
1133,2016,LV027,Uummannaq,238
1134,2016,LV028,Ikerasak,270
1135,2016,LV028,Ukkusissat,239
1136,2016,LV028,Upernavik,227
1137,2016,LV028,Upernavik Kujalleq,184
1138,2016,LV028,Uummannaq,274
1139,2016,LV029,Ikerasak,252
1140,2016,LV029,Niaqornat,273
1141,2016,LX022,Qaarsut,288
1142,2016,LX023,Nuugaatsiaq,267
1143,2016,LX023,Qaarsut,288
1144,2016,LX023,Uummannaq,291
1145,2016,LX024,Aasiaat,265
1146,2016,LX024,Ikerasak,231
1147,2016,LX024,Illorsuit,276
1148,2016,LX024,Niaqornat,281
1149,2016,LX024,Nuugaatsiaq,269
1150,2016,LX024,Qaarsut,290
1151,2016,LX024,Qeqertaq,252
1152,2016,LX024,Saattut,293
1153,2016,LX024,Uummannaq,291
1154,2016,LX025,Ikerasak,265
1155,2016,LX025,Nuugaatsiaq,277
1156,2016,LX025,Qaarsut,275
1157,2016,LX025,Saattut,290
1158,2016,LX025,Uummannaq,288
1159,2016,LX026,Ikerasak,231
1160,2016,LX026,Illorsuit,266
1161,2016,LX026,Ilulissat,282
1162,2016,LX026,Niaqornat,279
1163,2016,LX026,Qaarsut,283
1164,2016,LX026,Saattut,294
1165,2016,LX026,Saqqaq,251
1166,2016,LX026,Uummannaq,263
1167,2016,LX027,Ikerasak,279
1168,2016,LX027,Qaarsut,170
1169,2016,LX027,Saattut,289
1170,2016,LX027,Uummannaq,282
1171,2016,LX028,Ikerasak,281
1172,2016,LX028,Niaqornat,210
1173,2016,LX028,Saattut,289
1174,2016,LX028,Uummannaq,268
1175,2016,LX029,Ikerasak,253
1176,2016,LX029,Saattut,249
1177,2016,LZ018,Uummannaq,275
1178,2016,LZ020,Qaarsut,268
1179,2016,LZ020,Qeqertaq,257
1180,2016,LZ021,Qaarsut,286
1181,2016,LZ022,Qaarsut,276
1182,2016,LZ022,Saattut,286
1183,2016,LZ022,Uummannaq,274
1184,2016,LZ023,Qaarsut,289
1185,2016,LZ023,Uummannaq,293
1186,2016,LZ024,Qaarsut,283
1187,2016,LZ024,Saattut,290
1188,2016,LZ024,Uummannaq,293
1189,2016,LZ025,Illorsuit,224
1190,2016,LZ025,Saattut,294
1191,2016,LZ025,Uummannaq,240
1192,2016,LZ026,Ilulissat,289
1193,2016,LZ026,Qaarsut,170
1194,2016,LZ026,Saattut,319
1195,2016,LZ026,Uummannaq,252
1196,2016,LZ027,Saattut,291
1197,2016,LZ028,Qaarsut,211
1198,2016,LZ028,Saattut,279
1199,2016,LZ028,Uummannaq,281
1200,2016,LZ029,Saattut,287
1201,2016,MA022,Qaarsut,217
1202,2016,MA023,Uummannaq,268
1203,2016,MA024,Ukkusissat,294
1204,2016,MA025,Saattut,266
1205,2016,MA025,Ukkusissat,291
1206,2016,MA026,Saattut,283
1207,2016,MA026,Ukkusissat,249
1208,2016,MA026,Uummannaq,165
1209,2016,MA027,Saattut,220
1210,2016,MA027,Ukkusissat,213
1211,2016,MA028,Saattut,254
1212,2016,MB005,Ukkusissat,162
1213,2016,MB007,Upernavik,247
1214,2016,MB008,Upernavik,184
1215,2016,MB022,Illorsuit,280
1216,2016,MB023,Ukkusissat,295
1217,2016,MB024,Nuugaatsiaq,252
1218,2016,MB024,Ukkusissat,298
1219,2016,MB024,Uummannaq,267
1220,2016,MB025,Nuugaatsiaq,287
1221,2016,MB025,Ukkusissat,303
1222,2016,MB025,Uummannaq,280
1223,2016,MB026,Saattut,234
1224,2016,MB026,Ukkusissat,294
1225,2016,MB026,Uummannaq,190
1226,2016,MB027,Ukkusissat,218
1227,2016,MB028,Nuugaatsiaq,282
1228,2016,MB028,Ukkusissat,280
1229,2016,MD008,Upernavik,224
1230,2016,MD019,Illorsuit,294
1231,2016,MD020,Illorsuit,247
1232,2016,MD021,Ukkusissat,294
1233,2016,MD022,Illorsuit,280
1234,2016,MD022,Ukkusissat,213
1235,2016,ME020,Illorsuit,239
1236,2016,ME021,Illorsuit,245
1237,2016,MF019,Illorsuit,219
1238,2016,MF019,Nuugaatsiaq,241
1239,2016,MF020,Illorsuit,218
1240,2016,MF020,Nuugaatsiaq,288
1241,2016,MF021,Illorsuit,290
1242,2016,MF021,Nuugaatsiaq,260
1243,2016,MG019,Illorsuit,289
1244,2016,MG019,Nuugaatsiaq,290
1245,2016,MG020,Nuugaatsiaq,288
1246,2016,MG021,Illorsuit,266
1247,2016,MG021,Nuugaatsiaq,270
1248,2016,MG022,Illorsuit,288
1249,2016,MG022,Nuugaatsiaq,275
1250,2016,MG022,Qeqertaq,220
1251,2016,MG022,Uummannaq,274
1252,2016,MG023,Illorsuit,268
1253,2016,MG023,Nuugaatsiaq,257
1254,2016,MG023,Qeqertaq,232
1255,2016,MH026,Nuugaatsiaq,220
1256,2016,MM011,Kangersuatsiaq,196
1257,2016,MM011,Upernavik,196
1258,2016,MM011,Upernavik Kujalleq,196
1259,2016,MN003,Kullorsuaq,270
1260,2016,MN007,Upernavik,210
1261,2016,MP008,Upernavik,228
1262,2016,MT007,Upernavik,210
1263,2016,MT008,Upernavik,211
1264,2016,MT008,Upernavik Kujalleq,220
1265,2016,MT009,Kangersuatsiaq,352
1266,2016,MT010,Upernavik,214
1267,2016,MT011,Upernavik,224
1268,2016,MV010,Upernavik,254
1269,2016,MV011,Upernavik,228
1270,2016,MV012,Upernavik,261
1271,2016,MV013,Upernavik,234
1272,2016,MX008,Innaarsuit,186
1273,2016,MX009,Innaarsuit,266
1274,2016,MX009,Naajaat,266
1275,2016,MX009,Upernavik,252
1276,2016,MX010,Innaarsuit,233
1277,2016,MX011,Innaarsuit,189
1278,2016,MZ007,Innaarsuit,133
1279,2016,MZ008,Innaarsuit,291
1280,2016,MZ008,Naajaat,266
1281,2016,MZ008,Nutaarmiut,249
1282,2016,MZ008,Upernavik,136
1283,2016,MZ009,Innaarsuit,266
1284,2016,MZ009,Naajaat,266
1285,2016,MZ009,Upernavik,241
1286,2016,MZ010,Innaarsuit,266
1287,2016,MZ010,Naajaat,266
1288,2016,MZ010,Upernavik,266
1289,2016,MZ011,Innaarsuit,262
1290,2016,MZ011,Naajaat,266
1291,2016,MZ012,Innaarsuit,252
1292,2016,NA005,Upernavik,179
1293,2016,NA008,Nutaarmiut,161
1294,2016,NA008,Upernavik,280
1295,2016,NA009,Innaarsuit,238
1296,2016,NA009,Upernavik,266
1297,2016,NA010,Upernavik,182
1298,2016,NB007,Nutaarmiut,252
1299,2016,NB007,Upernavik,263
1300,2016,NB008,Innaarsuit,280
1301,2016,NB008,Kullorsuaq,268
1302,2016,NB008,Nutaarmiut,239
1303,2016,NB008,Saattut,197
1304,2016,NB008,Upernavik,277
1305,2016,NB009,Kullorsuaq,254
1306,2016,NB009,Upernavik,260
1307,2016,ND006,Nutaarmiut,288
1308,2016,ND006,Upernavik,288
1309,2016,ND007,Innaarsuit,228
1310,2016,ND007,Kangersuatsiaq,287
1311,2016,ND007,Kullorsuaq,213
1312,2016,ND007,Naajaat,247
1313,2016,ND007,Nutaarmiut,288
1314,2016,ND007,Saattut,165
1315,2016,ND007,Upernavik,283
1316,2016,ND007,Uummannaq,266
1317,2016,ND008,"Ikerasaarsuk, Upernavik",189
1318,2016,ND008,Innaarsuit,275
1319,2016,ND008,Nutaarmiut,289
1320,2016,ND008,Upernavik,296
1321,2016,ND009,Innaarsuit,189
1322,2016,ND009,Kullorsuaq,214
1323,2016,ND009,Saattut,210
1324,2016,ND009,Upernavik,275
1325,2016,ND010,Upernavik,178
1326,2016,NG004,Upernavik,210
1327,2016,NG007,Innaarsuit,224
1328,2016,NG007,Kangersuatsiaq,218
1329,2016,NG007,Kullorsuaq,225
1330,2016,NG007,Upernavik,234
1331,2016,NG009,Upernavik,200
1332,2016,NH004,Kangersuatsiaq,231
1333,2016,NH004,Kullorsuaq,235
1334,2016,NH004,Upernavik,235
1335,2016,NH004,Uummannaq,235
1336,2016,NH005,Kangersuatsiaq,235
1337,2016,NH005,Upernavik,253
1338,2016,NH005,Uummannaq,234
1339,2016,NM003,Kullorsuaq,283
1340,2016,NM004,Innaarsuit,274
1341,2016,NM004,Kullorsuaq,280
1342,2016,NM004,Upernavik,268
1343,2016,NM005,Kullorsuaq,157
1344,2016,NM006,Kullorsuaq,280
1345,2016,NM007,Kullorsuaq,280
1346,2016,NN003,Innaarsuit,245
1347,2016,NN003,Kullorsuaq,283
1348,2016,NN003,Upernavik,277
1349,2016,NN004,Innaarsuit,249
1350,2016,NN004,Kullorsuaq,283
1351,2016,NN004,Upernavik,283
1352,2016,NN005,Kangersuatsiaq,270
1353,2016,NN005,Kullorsuaq,283
1354,2016,NN005,Naajaat,130
1355,2016,NN005,Upernavik,254
1356,2016,NN006,Innaarsuit,269
1357,2016,NN006,Kangersuatsiaq,283
1358,2016,NN006,Kullorsuaq,283
1359,2016,NN006,Naajaat,189
1360,2016,NN006,Upernavik,253
1361,2016,NN007,Innaarsuit,206
1362,2016,NN007,Kullorsuaq,282
1363,2016,NN007,Upernavik,274
1364,2016,PR394,Qaanaaq,290
1365,2016,PR395,Qaanaaq,261
1366,2016,PR396,Qaanaaq,322
1367,2016,PR397,Qaanaaq,301
1368,2016,PR398,Qaanaaq,249
1369,2016,PS392,Qaanaaq,254
1370,2016,PS394,Qaanaaq,316
1371,2016,PS395,Qaanaaq,330
1372,2016,PS395,Qeqertat,296
1373,2016,PS395,Siorapaluk,233
1374,2016,PS396,Qaanaaq,330
1375,2016,PS396,Qeqertat,301
1376,2016,PS397,Qaanaaq,326
1377,2016,PS398,Qaanaaq,221
1378,2016,PS398,Qeqertat,315
1379,2016,PS406,Qaanaaq,242
1380,2016,PT398,Qaanaaq,241
1381,2016,PT398,Qeqertat,325
1382,2016,PT404,Qeqertat,212
1383,2016,PT405,Qaanaaq,322
1384,2016,PT405,Qeqertat,280
1385,2016,PT405,Siorapaluk,262
1386,2016,PT406,Qaanaaq,301
1387,2016,PT406,Qeqertat,280
1388,2016,PT406,Siorapaluk,287
1389,2016,PT407,Qeqertat,241
1390,2017,JV019,Kangaamiut,16
1391,2017,KE019,Itilleq,227
1392,2017,KH021,Sarfannguit,168
1393,2017,KS018,Attu,251
1394,2017,KS019,Attu,246
1395,2017,LA025,Ikamiut,212
1396,2017,LB018,Qasigiannguit,212
1397,2017,LB022,Ikamiut,229
1398,2017,LB023,Akunnaaq,224
1399,2017,LB024,Akunnaaq,280
1400,2017,LB024,Ikamiut,213
1401,2017,LB025,Aasiaat,272
1402,2017,LB025,Akunnaaq,272
1403,2017,LB025,Ikamiut,268
1404,2017,LB027,Qasigiannguit,250
1405,2017,LB028,Ikamiut,220
1406,2017,LB028,Qasigiannguit,267
1407,2017,LD020,Qasigiannguit,267
1408,2017,LD027,Qasigiannguit,272
1409,2017,LD028,Qasigiannguit,268
1410,2017,LD029,Qasigiannguit,257
1411,2017,LE028,Qasigiannguit,265
1412,2017,LF027,Qasigiannguit,275
1413,2017,LF028,Qasigiannguit,272
1414,2017,LG018,Qeqertarsuaq,251
1415,2017,LG019,Qeqertarsuaq,248
1416,2017,LG024,Ilulissat,209
1417,2017,LG028,Ilulissat,295
1418,2017,LG029,Ilulissat,189
1419,2017,LG030,Ilulissat,289
1420,2017,LG030,Qeqertaq,234
1421,2017,LG031,Ilulissat,258
1422,2017,LG031,Qeqertaq,230
1423,2017,LG031,Saqqaq,185
1424,2017,LH018,Qeqertarsuaq,265
1425,2017,LH019,Qeqertarsuaq,261
1426,2017,LH028,Ilulissat,168
1427,2017,LH029,Ilulissat,157
1428,2017,LN025,Saqqaq,204
1429,2017,LN027,Qeqertaq,267
1430,2017,LN027,Saqqaq,258
1431,2017,LN028,Ilulissat,212
1432,2017,LN028,Qeqertaq,255
1433,2017,LN028,Saqqaq,226
1434,2017,LN029,Qeqertaq,218
1435,2017,LN029,Saqqaq,238
1436,2017,LP024,Saqqaq,211
1437,2017,LP027,Qeqertaq,253
1438,2017,LP028,Ilulissat,230
1439,2017,LP028,Qaarsut,261
1440,2017,LP028,Qeqertaq,272
1441,2017,LP028,Saqqaq,259
1442,2017,LP029,Qeqertaq,257
1443,2017,LS019,Uummannaq,261
1444,2017,LS028,Qasigiannguit,239
1445,2017,LS029,Ikerasak,230
1446,2017,LT026,Ikerasak,283
1447,2017,LT027,Ikerasak,296
1448,2017,LT027,Qeqertaq,239
1449,2017,LT027,Uummannaq,289
1450,2017,LT028,Ikerasak,290
1451,2017,LT028,Illorsuit,194
1452,2017,LT028,Nuuk,185
1453,2017,LT028,Qeqertaq,280
1454,2017,LT029,Ikerasak,268
1455,2017,LT029,Illorsuit,201
1456,2017,LT029,Uummannaq,218
1457,2017,LV023,Uummannaq,293
1458,2017,LV024,Uummannaq,290
1459,2017,LV025,Ikerasak,262
1460,2017,LV025,Ilulissat,223
1461,2017,LV025,Niaqornat,211
1462,2017,LV025,Qaarsut,211
1463,2017,LV025,Uummannaq,276
1464,2017,LV026,Ikerasak,289
1465,2017,LV026,Uummannaq,284
1466,2017,LV027,Ikerasak,311
1467,2017,LV027,Nuuk,188
1468,2017,LV027,Qeqertaq,261
1469,2017,LV027,Saattut,245
1470,2017,LV027,Saqqaq,220
1471,2017,LV028,Ikerasak,265
1472,2017,LV028,Qeqertaq,234
1473,2017,LV028,Saattut,265
1474,2017,LV028,Uummannaq,239
1475,2017,LV029,Ikerasak,225
1476,2017,LV029,Saattut,238
1477,2017,LV029,Uummannaq,254
1478,2017,LX021,Qaarsut,290
1479,2017,LX022,Qaarsut,275
1480,2017,LX022,Uummannaq,278
1481,2017,LX023,Qaarsut,288
1482,2017,LX023,Qeqertaq,279
1483,2017,LX023,Upernavik Kujalleq,247
1484,2017,LX023,Uummannaq,289
1485,2017,LX024,Illorsuit,199
1486,2017,LX024,Ilulissat,217
1487,2017,LX024,Niaqornat,294
1488,2017,LX024,Nuuk,261
1489,2017,LX024,Qaarsut,289
1490,2017,LX024,Qasigiannguit,248
1491,2017,LX024,Qeqertaq,224
1492,2017,LX024,Saattut,290
1493,2017,LX024,Saqqaq,283
1494,2017,LX024,Ukkusissat,206
1495,2017,LX024,Uummannaq,295
1496,2017,LX025,Qaarsut,234
1497,2017,LX025,Qeqertaq,272
1498,2017,LX025,Saattut,276
1499,2017,LX025,Uummannaq,294
1500,2017,LX026,Ikerasak,290
1501,2017,LX026,Illorsuit,196
1502,2017,LX026,Qaarsut,229
1503,2017,LX026,Qeqertaq,225
1504,2017,LX026,Saattut,290
1505,2017,LX026,Uummannaq,278
1506,2017,LX027,Ikerasak,290
1507,2017,LX027,Qaarsut,231
1508,2017,LX027,Qeqertaq,213
1509,2017,LX027,Saattut,294
1510,2017,LX027,Saqqaq,220
1511,2017,LX027,Uummannaq,276
1512,2017,LX028,Ikerasak,250
1513,2017,LX028,Saattut,234
1514,2017,LX028,Uummannaq,247
1515,2017,LX029,Ikerasak,281
1516,2017,LX029,Saattut,227
1517,2017,LX029,Uummannaq,198
1518,2017,LZ017,Qeqertaq,283
1519,2017,LZ018,Niaqornat,268
1520,2017,LZ018,Qaarsut,268
1521,2017,LZ018,Uummannaq,291
1522,2017,LZ019,Saattut,267
1523,2017,LZ019,Uummannaq,289
1524,2017,LZ020,Qaarsut,289
1525,2017,LZ020,Uummannaq,276
1526,2017,LZ021,Ikerasak,283
1527,2017,LZ021,Qaarsut,293
1528,2017,LZ021,Qasigiannguit,266
1529,2017,LZ021,Saattut,283
1530,2017,LZ021,Uummannaq,293
1531,2017,LZ022,Ikerasak,290
1532,2017,LZ022,Qaarsut,290
1533,2017,LZ022,Saattut,290
1534,2017,LZ022,Uummannaq,293
1535,2017,LZ023,Qaarsut,290
1536,2017,LZ023,Qasigiannguit,251
1537,2017,LZ023,Saattut,287
1538,2017,LZ023,Saqqaq,273
1539,2017,LZ023,Uummannaq,291
1540,2017,LZ024,Niaqornat,225
1541,2017,LZ024,Qaarsut,255
1542,2017,LZ024,Qeqertaq,275
1543,2017,LZ024,Saattut,295
1544,2017,LZ024,Saqqaq,268
1545,2017,LZ024,Uummannaq,291
1546,2017,LZ025,Niaqornat,230
1547,2017,LZ025,Saattut,296
1548,2017,LZ025,Uummannaq,284
1549,2017,LZ026,Qaarsut,229
1550,2017,LZ026,Qeqertaq,267
1551,2017,LZ026,Saattut,300
1552,2017,LZ026,Uummannaq,262
1553,2017,LZ027,Qaarsut,237
1554,2017,LZ027,Qeqertaq,282
1555,2017,LZ027,Saattut,290
1556,2017,LZ027,Uummannaq,223
1557,2017,LZ028,Qasigiannguit,227
1558,2017,LZ028,Saattut,285
1559,2017,LZ028,Uummannaq,260
1560,2017,LZ029,Qasigiannguit,211
1561,2017,LZ029,Saattut,290
1562,2017,MA021,Qaarsut,291
1563,2017,MA022,Uummannaq,281
1564,2017,MA023,Qaarsut,288
1565,2017,MA023,Saattut,290
1566,2017,MA023,Uummannaq,289
1567,2017,MA024,Saattut,290
1568,2017,MA024,Saqqaq,274
1569,2017,MA024,Ukkusissat,290
1570,2017,MA025,Ukkusissat,294
1571,2017,MA026,Saattut,295
1572,2017,MA026,Ukkusissat,265
1573,2017,MA026,Uummannaq,217
1574,2017,MA027,Qeqertaq,195
1575,2017,MA027,Saattut,217
1576,2017,MA027,Ukkusissat,212
1577,2017,MA028,Ukkusissat,261
1578,2017,MB023,Ukkusissat,294
1579,2017,MB024,Saattut,248
1580,2017,MB024,Ukkusissat,295
1581,2017,MB025,Saattut,245
1582,2017,MB025,Ukkusissat,300
1583,2017,MB026,Qasigiannguit,242
1584,2017,MB026,Ukkusissat,294
1585,2017,MB027,Qasigiannguit,266
1586,2017,MB027,Ukkusissat,280
1587,2017,MB028,Ukkusissat,286
1588,2017,MD015,Uummannaq,283
1589,2017,MD020,Illorsuit,7
1590,2017,MD020,Saqqaq,294
1591,2017,MD022,Ukkusissat,261
1592,2017,MD023,Ukkusissat,272
1593,2017,MD024,Ukkusissat,268
1594,2017,MD025,Ukkusissat,252
1595,2017,ME020,Saqqaq,289
1596,2017,MG022,Uummannaq,279
1597,2017,MG023,Uummannaq,278
1598,2017,MM011,Kangersuatsiaq,206
1599,2017,MM011,Upernavik Kujalleq,294
1600,2017,MM012,Kangersuatsiaq,199
1601,2017,MM012,Upernavik Kujalleq,199
1602,2017,MN003,Kullorsuaq,232
1603,2017,MT007,Kangersuatsiaq,225
1604,2017,MT007,Naajaat,251
1605,2017,MT007,Upernavik,252
1606,2017,MT008,Kangersuatsiaq,239
1607,2017,MT008,Upernavik,251
1608,2017,MT010,Kangersuatsiaq,208
1609,2017,MT010,Upernavik,266
1610,2017,MT011,Kangersuatsiaq,217
1611,2017,MV008,Upernavik,237
1612,2017,MV010,Naajaat,267
1613,2017,MV010,Upernavik,272
1614,2017,MV011,Kangersuatsiaq,272
1615,2017,MV011,Upernavik,254
1616,2017,MV012,Upernavik,266
1617,2017,MV013,Upernavik,260
1618,2017,MX008,Innaarsuit,200
1619,2017,MX009,Innaarsuit,283
1620,2017,MX009,Naajaat,272
1621,2017,MX009,Upernavik,201
1622,2017,MX010,Innaarsuit,283
1623,2017,MZ008,Innaarsuit,283
1624,2017,MZ008,Kangersuatsiaq,283
1625,2017,MZ008,Naajaat,301
1626,2017,MZ008,Upernavik,210
1627,2017,MZ009,Innaarsuit,283
1628,2017,MZ009,Kangersuatsiaq,234
1629,2017,MZ009,Naajaat,283
1630,2017,MZ009,Upernavik,212
1631,2017,MZ010,Innaarsuit,274
1632,2017,MZ010,Naajaat,283
1633,2017,MZ011,Innaarsuit,194
1634,2017,NA007,Upernavik,283
1635,2017,NA008,Innaarsuit,283
1636,2017,NA008,Upernavik,288
1637,2017,NA009,Innaarsuit,279
1638,2017,NA009,Upernavik,279
1639,2017,NB007,Upernavik,238
1640,2017,NB008,Innaarsuit,233
1641,2017,NB008,Upernavik,297
1642,2017,NB009,Upernavik,254
1643,2017,ND007,Innaarsuit,230
1644,2017,ND007,Kangersuatsiaq,296
1645,2017,ND007,Nutaarmiut,297
1646,2017,ND007,Upernavik,296
1647,2017,ND008,Innaarsuit,247
1648,2017,ND008,Nutaarmiut,287
1649,2017,ND008,Upernavik,296
1650,2017,ND009,Nutaarmiut,254
1651,2017,ND009,Upernavik,266
1652,2017,ND010,Innaarsuit,237
1653,2017,NG007,Kullorsuaq,185
1654,2017,NG007,Upernavik,203
1655,2017,NH004,Kangersuatsiaq,238
1656,2017,NH004,Upernavik,259
1657,2017,NH005,Upernavik,261
1658,2017,NM003,Kangersuatsiaq,262
1659,2017,NM003,Kullorsuaq,285
1660,2017,NM004,Kullorsuaq,248
1661,2017,NM005,Kullorsuaq,285
1662,2017,NM006,Kangersuatsiaq,171
1663,2017,NM006,Kullorsuaq,283
1664,2017,NM006,Upernavik,266
1665,2017,NN003,Kangersuatsiaq,211
1666,2017,NN003,Kullorsuaq,285
1667,2017,NN003,Naajaat,170
1668,2017,NN003,Upernavik,231
1669,2017,NN004,Innaarsuit,232
1670,2017,NN004,Kullorsuaq,285
1671,2017,NN004,Naajaat,195
1672,2017,NN004,Upernavik,276
1673,2017,NN005,Kullorsuaq,285
1674,2017,NN005,Upernavik,256
1675,2017,NN006,Kullorsuaq,283
1676,2017,NN006,Upernavik,252
1677,2017,NN007,Kullorsuaq,167
1678,2017,NP003,Kullorsuaq,274
1679,2017,NP004,Kullorsuaq,256
1680,2017,PR395,Qaanaaq,266
1681,2017,PR396,Qaanaaq,311
1682,2017,PR397,Qaanaaq,304
1683,2017,PR398,Qaanaaq,274
1684,2017,PR406,Qaanaaq,239
1685,2017,PR406,Qeqertat,239
1686,2017,PR406,Siorapaluk,261
1687,2017,PS393,Qaanaaq,309
1688,2017,PS394,Qaanaaq,325
1689,2017,PS395,Qaanaaq,331
1690,2017,PS395,Savissivik,248
1691,2017,PS395,Siorapaluk,169
1692,2017,PS396,Qaanaaq,332
1693,2017,PS396,Siorapaluk,177
1694,2017,PS397,Qaanaaq,252
1695,2017,PS404,Qeqertat,272
1696,2017,PS405,Qaanaaq,252
1697,2017,PS405,Qeqertat,239
1698,2017,PS406,Qaanaaq,260
1699,2017,PS406,Siorapaluk,246
1700,2017,PT404,Siorapaluk,234
1701,2017,PT405,Innaarsuit,259
1702,2017,PT405,Qaanaaq,260
1703,2017,PT405,Qeqertat,268
1704,2017,PT405,Siorapaluk,283
1705,2017,PT406,Qaanaaq,275
1706,2017,PT406,Qeqertat,259
1707,2017,PT406,Siorapaluk,251
1708,2017,PT407,Innaarsuit,226
1709,2017,PT407,Qaanaaq,275
1710,2017,PT407,Qeqertat,268
1711,2017,PT408,Qaanaaq,268
1712,2017,PT408,Qeqertat,272
1713,2018,KH021,Sarfannguit,232
1714,2018,KS018,Attu,236
1715,2018,KS019,Attu,236
1716,2018,LD027,Qasigiannguit,210
1717,2018,LD028,Qasigiannguit,211
1718,2018,LE026,Ikamiut,203
1719,2018,LE027,Qasigiannguit,209
1720,2018,LE028,Qasigiannguit,233
1721,2018,LF028,Qasigiannguit,212
1722,2018,LG018,Qeqertarsuaq,224
1723,2018,LG019,Qeqertarsuaq,229
1724,2018,LG028,Ilulissat,189
1725,2018,LG028,Saqqaq,186
1726,2018,LG030,Ilulissat,249
1727,2018,LG030,Qeqertarsuaq,245
1728,2018,LG030,Saqqaq,209
1729,2018,LG031,Ilulissat,250
1730,2018,LN026,Qeqertaq,240
1731,2018,LN027,Qaarsut,211
1732,2018,LN027,Qeqertaq,229
1733,2018,LN027,Saqqaq,211
1734,2018,LN028,Qeqertaq,240
1735,2018,LN028,Saqqaq,211
1736,2018,LN028,Uummannaq,205
1737,2018,LN029,Qeqertaq,235
1738,2018,LN030,Saqqaq,210
1739,2018,LN030,Uummannaq,210
1740,2018,LP024,Saqqaq,202
1741,2018,LP027,Qeqertaq,238
1742,2018,LP028,Qeqertaq,246
1743,2018,LP029,Uummannaq,230
1744,2018,LP030,Uummannaq,210
1745,2018,LT026,Ikerasak,282
1746,2018,LT026,Uummannaq,244
1747,2018,LT027,Ikerasak,285
1748,2018,LT027,Ilulissat,245
1749,2018,LT027,Nuuk,170
1750,2018,LT027,Qeqertaq,225
1751,2018,LT027,Saqqaq,196
1752,2018,LT027,Uummannaq,254
1753,2018,LT028,Ikerasak,270
1754,2018,LT028,Ilulissat,223
1755,2018,LT028,Qeqertaq,244
1756,2018,LT028,Saqqaq,218
1757,2018,LT028,Uummannaq,274
1758,2018,LT029,Ikerasak,229
1759,2018,LT029,Ilulissat,211
1760,2018,LT030,Ikerasak,238
1761,2018,LV023,Qaarsut,198
1762,2018,LV024,Niaqornat,175
1763,2018,LV024,Saqqaq,186
1764,2018,LV024,Uummannaq,270
1765,2018,LV025,Ikerasak,239
1766,2018,LV025,Ilulissat,253
1767,2018,LV025,Niaqornat,244
1768,2018,LV025,Qaarsut,254
1769,2018,LV025,Qeqertaq,265
1770,2018,LV025,Ukkusissat,179
1771,2018,LV025,Uummannaq,268
1772,2018,LV026,Ikerasak,278
1773,2018,LV026,Saqqaq,229
1774,2018,LV026,Uummannaq,270
1775,2018,LV027,Ikerasak,284
1776,2018,LV027,Ilulissat,247
1777,2018,LV027,Nuuk,179
1778,2018,LV027,Qaarsut,170
1779,2018,LV027,Ukkusissat,183
1780,2018,LV027,Uummannaq,278
1781,2018,LV028,Ikerasak,262
1782,2018,LV028,Saattut,216
1783,2018,LV028,Uummannaq,213
1784,2018,LV029,Ikerasak,243
1785,2018,LV029,Niaqornat,180
1786,2018,LX021,Qaarsut,270
1787,2018,LX022,Qaarsut,270
1788,2018,LX023,Niaqornat,274
1789,2018,LX023,Qaarsut,276
1790,2018,LX023,Qeqertaq,270
1791,2018,LX023,Saattut,237
1792,2018,LX023,Uummannaq,270
1793,2018,LX024,Ikerasak,268
1794,2018,LX024,Ilulissat,177
1795,2018,LX024,Niaqornat,205
1796,2018,LX024,Qaarsut,278
1797,2018,LX024,Qeqertaq,250
1798,2018,LX024,Saattut,278
1799,2018,LX024,Saqqaq,240
1800,2018,LX024,Ukkusissat,196
1801,2018,LX024,Uummannaq,282
1802,2018,LX025,Ikerasak,232
1803,2018,LX025,Niaqornat,229
1804,2018,LX025,Qaarsut,219
1805,2018,LX025,Qeqertaq,247
1806,2018,LX025,Saattut,225
1807,2018,LX025,Uummannaq,276
1808,2018,LX026,Ikerasak,256
1809,2018,LX026,Ilulissat,222
1810,2018,LX026,Qaarsut,272
1811,2018,LX026,Saattut,278
1812,2018,LX026,Uummannaq,271
1813,2018,LX027,Ikerasak,274
1814,2018,LX027,Saattut,277
1815,2018,LX027,Ukkusissat,225
1816,2018,LX027,Uummannaq,180
1817,2018,LX028,Ikerasak,207
1818,2018,LX028,Ilulissat,180
1819,2018,LX028,Saattut,275
1820,2018,LX028,Saqqaq,212
1821,2018,LX028,Uummannaq,218
1822,2018,LX029,Ikerasak,225
1823,2018,LX029,Saattut,226
1824,2018,LX029,Saqqaq,204
1825,2018,LX029,Uummannaq,234
1826,2018,LZ018,Niaqornat,254
1827,2018,LZ018,Saattut,245
1828,2018,LZ018,Uummannaq,253
1829,2018,LZ019,Uummannaq,238
1830,2018,LZ020,Qaarsut,254
1831,2018,LZ020,Qeqertaq,254
1832,2018,LZ020,Saattut,248
1833,2018,LZ020,Uummannaq,251
1834,2018,LZ021,Ikerasak,238
1835,2018,LZ021,Qaarsut,270
1836,2018,LZ021,Qeqertaq,239
1837,2018,LZ021,Saattut,240
1838,2018,LZ021,Uummannaq,256
1839,2018,LZ022,Ikerasak,239
1840,2018,LZ022,Qaarsut,270
1841,2018,LZ022,Qasigiannguit,198
1842,2018,LZ022,Qeqertaq,262
1843,2018,LZ022,Saattut,249
1844,2018,LZ022,Saqqaq,209
1845,2018,LZ022,Ukkusissat,223
1846,2018,LZ022,Uummannaq,253
1847,2018,LZ023,Qaarsut,270
1848,2018,LZ023,Qasigiannguit,212
1849,2018,LZ023,Qeqertaq,217
1850,2018,LZ023,Saattut,253
1851,2018,LZ023,Uummannaq,255
1852,2018,LZ024,Ikerasak,240
1853,2018,LZ024,Niaqornat,224
1854,2018,LZ024,Qaarsut,270
1855,2018,LZ024,Qasigiannguit,211
1856,2018,LZ024,Qeqertaq,208
1857,2018,LZ024,Saattut,266
1858,2018,LZ024,Saqqaq,268
1859,2018,LZ024,Ukkusissat,240
1860,2018,LZ024,Uummannaq,274
1861,2018,LZ025,Qaarsut,241
1862,2018,LZ025,Qeqertaq,205
1863,2018,LZ025,Saattut,282
1864,2018,LZ025,Ukkusissat,233
1865,2018,LZ025,Uummannaq,277
1866,2018,LZ026,Qeqertarsuaq,266
1867,2018,LZ026,Saattut,282
1868,2018,LZ026,Saqqaq,254
1869,2018,LZ026,Ukkusissat,247
1870,2018,LZ026,Uummannaq,254
1871,2018,LZ027,Qasigiannguit,183
1872,2018,LZ027,Saattut,277
1873,2018,LZ027,Uummannaq,172
1874,2018,LZ028,Ikerasak,253
1875,2018,LZ028,Saattut,225
1876,2018,LZ029,Ilulissat,197
1877,2018,LZ029,Niaqornat,218
1878,2018,LZ029,Saattut,272
1879,2018,LZ029,Uummannaq,213
1880,2018,MA018,Upernavik,243
1881,2018,MA020,Qaarsut,254
1882,2018,MA021,Qaarsut,256
1883,2018,MA023,Saattut,252
1884,2018,MA023,Saqqaq,252
1885,2018,MA023,Uummannaq,251
1886,2018,MA024,Saattut,251
1887,2018,MA024,Ukkusissat,275
1888,2018,MA024,Uummannaq,274
1889,2018,MA025,Saattut,249
1890,2018,MA025,Ukkusissat,274
1891,2018,MA026,Saattut,277
1892,2018,MA026,Ukkusissat,275
1893,2018,MA027,Saattut,240
1894,2018,MA028,Ukkusissat,258
1895,2018,MB015,Uummannaq,198
1896,2018,MB023,Saattut,240
1897,2018,MB023,Ukkusissat,258
1898,2018,MB024,Saattut,257
1899,2018,MB024,Ukkusissat,280
1900,2018,MB024,Uummannaq,177
1901,2018,MB025,Qaarsut,160
1902,2018,MB025,Saattut,267
1903,2018,MB025,Ukkusissat,280
1904,2018,MB025,Uummannaq,197
1905,2018,MB026,Ukkusissat,275
1906,2018,MB027,Ukkusissat,275
1907,2018,MB028,Ukkusissat,270
1908,2018,MB028,Uummannaq,274
1909,2018,MD019,Uummannaq,232
1910,2018,MD023,Ukkusissat,274
1911,2018,MD024,Saattut,270
1912,2018,MD024,Ukkusissat,267
1913,2018,MG021,Qasigiannguit,238
1914,2018,MG021,Uummannaq,257
1915,2018,MG022,Saattut,256
1916,2018,MG022,Uummannaq,277
1917,2018,MM008,Kullorsuaq,191
1918,2018,MM011,Kangersuatsiaq,244
1919,2018,MM011,Naajaat,182
1920,2018,MM011,Upernavik,243
1921,2018,MM011,Upernavik Kujalleq,278
1922,2018,MM012,Upernavik Kujalleq,232
1923,2018,MP009,Kullorsuaq,201
1924,2018,MR008,Upernavik,201
1925,2018,MT007,Upernavik,203
1926,2018,MT008,Upernavik,237
1927,2018,MT009,Upernavik,203
1928,2018,MT010,Innaarsuit,217
1929,2018,MT010,Naajaat,205
1930,2018,MT010,Nuuk,240
1931,2018,MT010,Upernavik,245
1932,2018,MV009,Upernavik,194
1933,2018,MV010,Upernavik,258
1934,2018,MV010,Upernavik Kujalleq,174
1935,2018,MV011,Upernavik,243
1936,2018,MV012,Upernavik,239
1937,2018,MX008,Innaarsuit,273
1938,2018,MX008,Upernavik,224
1939,2018,MX009,Innaarsuit,275
1940,2018,MX009,Kangersuatsiaq,245
1941,2018,MX009,Naajaat,245
1942,2018,MX009,Nuuk,177
1943,2018,MX009,Upernavik,176
1944,2018,MX010,Innaarsuit,268
1945,2018,MX010,Upernavik,226
1946,2018,MX011,Innaarsuit,234
1947,2018,MZ007,Kullorsuaq,225
1948,2018,MZ008,Innaarsuit,279
1949,2018,MZ008,Kangersuatsiaq,253
1950,2018,MZ008,Kullorsuaq,208
1951,2018,MZ008,Naajaat,271
1952,2018,MZ008,Sisimiut,194
1953,2018,MZ008,Ukkusissat,271
1954,2018,MZ009,Innaarsuit,286
1955,2018,MZ009,Kangersuatsiaq,272
1956,2018,MZ009,Kullorsuaq,219
1957,2018,MZ009,Naajaat,281
1958,2018,MZ009,Nuuk,184
1959,2018,MZ009,Ukkusissat,138
1960,2018,MZ009,Upernavik,226
1961,2018,MZ010,Innaarsuit,273
1962,2018,MZ010,Kangersuatsiaq,259
1963,2018,MZ010,Naajaat,271
1964,2018,MZ010,Sisimiut,224
1965,2018,MZ010,Upernavik,226
1966,2018,MZ011,Innaarsuit,244
1967,2018,MZ011,Naajaat,207
1968,2018,MZ011,Nuuk,233
1969,2018,MZ012,Nuuk,236
1970,2018,NA008,Innaarsuit,257
1971,2018,NA008,Upernavik,268
1972,2018,NA009,Innaarsuit,278
1973,2018,NB007,Innaarsuit,254
1974,2018,NB007,Nuuk,216
1975,2018,NB007,Upernavik,243
1976,2018,NB008,Innaarsuit,251
1977,2018,NB008,Nuuk,243
1978,2018,NB008,Upernavik,271
1979,2018,NB009,Innaarsuit,253
1980,2018,NB009,Nuuk,212
1981,2018,NB009,Upernavik,244
1982,2018,ND007,Kangersuatsiaq,230
1983,2018,ND007,Nutaarmiut,271
1984,2018,ND007,Upernavik,271
1985,2018,ND008,Kangersuatsiaq,198
1986,2018,ND008,Nutaarmiut,240
1987,2018,ND008,Nuuk,224
1988,2018,ND008,Upernavik,271
1989,2018,ND009,Kangersuatsiaq,216
1990,2018,ND009,Nutaarmiut,198
1991,2018,ND009,Upernavik,239
1992,2018,ND010,Kangersuatsiaq,209
1993,2018,ND010,Nutaarmiut,177
1994,2018,ND010,Nuuk,210
1995,2018,ND010,Upernavik,194
1996,2018,NE008,Upernavik,187
1997,2018,NG004,Upernavik,221
1998,2018,NG005,Upernavik,219
1999,2018,NG007,Innaarsuit,211
2000,2018,NG007,Kullorsuaq,299
2001,2018,NG007,Naajaat,205
2002,2018,NG007,Nutaarmiut,210
2003,2018,NG007,Sisimiut,275
2004,2018,NG007,Upernavik,299
2005,2018,NH004,Kullorsuaq,288
2006,2018,NH004,Naajaat,217
2007,2018,NH004,Sisimiut,217
2008,2018,NH004,Upernavik,299
2009,2018,NH005,Kangersuatsiaq,245
2010,2018,NH005,Kullorsuaq,293
2011,2018,NH005,Naajaat,211
2012,2018,NH005,Upernavik,299
2013,2018,NH006,Kullorsuaq,293
2014,2018,NH007,Upernavik,299
2015,2018,NJ006,Upernavik,205
2016,2018,NM002,Kullorsuaq,285
2017,2018,NM003,Kangersuatsiaq,244
2018,2018,NM003,Kullorsuaq,306
2019,2018,NM003,Upernavik,296
2020,2018,NM004,Kullorsuaq,236
2021,2018,NM004,Upernavik,278
2022,2018,NM006,Kullorsuaq,275
2023,2018,NM006,Upernavik,272
2024,2018,NM007,Kullorsuaq,272
2025,2018,NM008,Kullorsuaq,170
2026,2018,NN002,Kangersuatsiaq,201
2027,2018,NN002,Kullorsuaq,294
2028,2018,NN002,Upernavik,295
2029,2018,NN003,Kangersuatsiaq,211
2030,2018,NN003,Kullorsuaq,306
2031,2018,NN003,Upernavik,294
2032,2018,NN004,Kangersuatsiaq,292
2033,2018,NN004,Kullorsuaq,307
2034,2018,NN004,Naajaat,169
2035,2018,NN004,Upernavik,282
2036,2018,NN005,Kangersuatsiaq,299
2037,2018,NN005,Kullorsuaq,299
2038,2018,NN005,Naajaat,174
2039,2018,NN005,Upernavik,296
2040,2018,NN006,Kangersuatsiaq,275
2041,2018,NN006,Kullorsuaq,278
2042,2018,NN006,Nutaarmiut,243
2043,2018,NN007,Kullorsuaq,299
2044,2018,NN007,Upernavik,121
2045,2018,NP003,Kullorsuaq,281
2046,2018,NP004,Kullorsuaq,306
2047,2018,PR391,Qaanaaq,159
2048,2018,PR394,Qaanaaq,280
2049,2018,PR394,Savissivik,272
2050,2018,PR395,Qaanaaq,272
2051,2018,PR395,Siorapaluk,267
2052,2018,PR396,Qaanaaq,307
2053,2018,PR396,Savissivik,299
2054,2018,PR396,Siorapaluk,268
2055,2018,PR397,Qaanaaq,236
2056,2018,PR405,Qaanaaq,212
2057,2018,PR406,Qeqertat,191
2058,2018,PS394,Qaanaaq,314
2059,2018,PS394,Qeqertat,310
2060,2018,PS394,Savissivik,315
2061,2018,PS395,Qaanaaq,315
2062,2018,PS395,Qeqertat,198
2063,2018,PS396,Qaanaaq,301
2064,2018,PS396,Savissivik,295
2065,2018,PS396,Siorapaluk,306
2066,2018,PS397,Qaanaaq,217
2067,2018,PS404,Qaanaaq,173
2068,2018,PS406,Qaanaaq,246
2069,2018,PS406,Qeqertat,201
2070,2018,PT405,Qaanaaq,271
2071,2018,PT405,Qeqertat,293
2072,2018,PT405,Siorapaluk,259
2073,2018,PT406,Qaanaaq,259
2074,2018,PT406,Qeqertat,275
2075,2018,PT406,Siorapaluk,275
2076,2019,LD028,Qasigiannguit,222
2077,2019,LE026,Qasigiannguit,209
2078,2019,LE027,Qasigiannguit,223
2079,2019,LE028,Qasigiannguit,222
2080,2019,LF028,Ilimanaq,214
2081,2019,LG028,Ilulissat,208
2082,2019,LG030,Ilulissat,239
2083,2019,LG030,Kangaatsiaq,230
2084,2019,LG030,Saqqaq,220
2085,2019,LG031,Ilulissat,239
2086,2019,LG031,Kangaatsiaq,228
2087,2019,LG031,Uummannaq,237
2088,2019,LG032,Ilulissat,254
2089,2019,LG032,Upernavik,213
2090,2019,LH019,Qeqertarsuaq,225
2091,2019,LH030,Ilulissat,204
2092,2019,LN024,Saqqaq,235
2093,2019,LN025,Ilulissat,229
2094,2019,LN025,Saqqaq,238
2095,2019,LN026,Saqqaq,236
2096,2019,LN027,Qeqertaq,229
2097,2019,LN028,Qeqertaq,229
2098,2019,LN028,Uummannaq,229
2099,2019,LP025,Saqqaq,229
2100,2019,LP027,Qeqertaq,228
2101,2019,LP028,Qeqertaq,251
2102,2019,LP028,Saqqaq,235
2103,2019,LP028,Uummannaq,231
2104,2019,LT026,Ikerasak,264
2105,2019,LT026,Niaqornat,224
2106,2019,LT026,Qeqertaq,242
2107,2019,LT027,Ikerasak,285
2108,2019,LT027,Qaarsut,244
2109,2019,LT027,Qeqertaq,256
2110,2019,LT027,Saqqaq,230
2111,2019,LT027,Uummannaq,229
2112,2019,LT028,Ikerasak,301
2113,2019,LT028,Niaqornat,236
2114,2019,LT028,Qeqertaq,254
2115,2019,LT028,Saqqaq,196
2116,2019,LT028,Uummannaq,225
2117,2019,LT029,Ikerasak,285
2118,2019,LT029,Uummannaq,192
2119,2019,LT030,Ikerasak,239
2120,2019,LV023,Qaarsut,195
2121,2019,LV024,Qeqertaq,195
2122,2019,LV024,Saqqaq,254
2123,2019,LV024,Uummannaq,267
2124,2019,LV025,Ikerasak,204
2125,2019,LV025,Ilulissat,228
2126,2019,LV025,Niaqornat,227
2127,2019,LV025,Qaarsut,198
2128,2019,LV025,Qeqertaq,249
2129,2019,LV025,Saattut,226
2130,2019,LV025,Uummannaq,268
2131,2019,LV026,Ikerasak,283
2132,2019,LV026,Saattut,254
2133,2019,LV026,Uummannaq,273
2134,2019,LV027,Ikerasak,288
2135,2019,LV027,Qaarsut,259
2136,2019,LV027,Uummannaq,264
2137,2019,LV028,Ikerasak,263
2138,2019,LV028,Saattut,190
2139,2019,LV029,Ikerasak,266
2140,2019,LX021,Qaarsut,252
2141,2019,LX022,Qaarsut,266
2142,2019,LX022,Saattut,267
2143,2019,LX023,Ilulissat,225
2144,2019,LX023,Niaqornat,251
2145,2019,LX023,Qaarsut,268
2146,2019,LX023,Qeqertaq,248
2147,2019,LX023,Saattut,208
2148,2019,LX023,Uummannaq,266
2149,2019,LX024,Ilulissat,232
2150,2019,LX024,Niaqornat,267
2151,2019,LX024,Nuuk,267
2152,2019,LX024,Qaarsut,285
2153,2019,LX024,Qasigiannguit,217
2154,2019,LX024,Qeqertaq,217
2155,2019,LX024,Saattut,260
2156,2019,LX024,Saqqaq,265
2157,2019,LX024,Uummannaq,285
2158,2019,LX025,Niaqornat,265
2159,2019,LX025,Nuuk,257
2160,2019,LX025,Qasigiannguit,204
2161,2019,LX025,Saattut,248
2162,2019,LX025,Uummannaq,284
2163,2019,LX026,Qaarsut,249
2164,2019,LX026,Qasigiannguit,253
2165,2019,LX026,Saattut,287
2166,2019,LX026,Saqqaq,246
2167,2019,LX026,Uummannaq,270
2168,2019,LX027,Ikerasak,286
2169,2019,LX027,Qaarsut,249
2170,2019,LX027,Saattut,287
2171,2019,LX027,Uummannaq,265
2172,2019,LX028,Ikerasak,267
2173,2019,LX028,Qaarsut,259
2174,2019,LX028,Saattut,270
2175,2019,LX028,Saqqaq,200
2176,2019,LX028,Uummannaq,269
2177,2019,LX029,Ikerasak,250
2178,2019,LX029,Saattut,244
2179,2019,LZ018,Niaqornat,222
2180,2019,LZ018,Uummannaq,236
2181,2019,LZ020,Qaarsut,235
2182,2019,LZ020,Uummannaq,236
2183,2019,LZ021,Qaarsut,251
2184,2019,LZ021,Qeqertaq,229
2185,2019,LZ021,Uummannaq,201
2186,2019,LZ022,Qaarsut,266
2187,2019,LZ022,Saqqaq,251
2188,2019,LZ022,Uummannaq,264
2189,2019,LZ023,Ikerasak,252
2190,2019,LZ023,Qaarsut,265
2191,2019,LZ023,Saattut,258
2192,2019,LZ023,Uummannaq,254
2193,2019,LZ024,Niaqornat,239
2194,2019,LZ024,Saattut,288
2195,2019,LZ024,Saqqaq,257
2196,2019,LZ024,Uummannaq,269
2197,2019,LZ025,Qaarsut,239
2198,2019,LZ025,Qeqertarsuaq,231
2199,2019,LZ025,Saattut,279
2200,2019,LZ025,Ukkusissat,210
2201,2019,LZ025,Uummannaq,272
2202,2019,LZ026,Qaarsut,269
2203,2019,LZ026,Qeqertaq,288
2204,2019,LZ026,Qeqertarsuaq,256
2205,2019,LZ026,Saattut,298
2206,2019,LZ026,Ukkusissat,189
2207,2019,LZ026,Uummannaq,229
2208,2019,LZ027,Qeqertaq,277
2209,2019,LZ027,Saattut,291
2210,2019,LZ027,Saqqaq,248
2211,2019,LZ027,Ukkusissat,196
2212,2019,LZ027,Uummannaq,236
2213,2019,LZ028,Qaarsut,201
2214,2019,LZ028,Saattut,287
2215,2019,LZ028,Uummannaq,287
2216,2019,LZ029,Ilulissat,211
2217,2019,LZ029,Qeqertarsuaq,211
2218,2019,LZ029,Saattut,291
2219,2019,LZ029,Uummannaq,178
2220,2019,MA022,Saattut,219
2221,2019,MA023,Saattut,233
2222,2019,MA023,Uummannaq,254
2223,2019,MA024,Qaarsut,209
2224,2019,MA024,Saattut,269
2225,2019,MA024,Ukkusissat,285
2226,2019,MA024,Uummannaq,192
2227,2019,MA025,Saattut,259
2228,2019,MA025,Ukkusissat,290
2229,2019,MA025,Uummannaq,250
2230,2019,MA026,Qaarsut,181
2231,2019,MA026,Saattut,292
2232,2019,MA026,Saqqaq,194
2233,2019,MA026,Ukkusissat,201
2234,2019,MA027,Qaarsut,174
2235,2019,MA027,Saattut,291
2236,2019,MA027,Ukkusissat,291
2237,2019,MA028,Ukkusissat,279
2238,2019,MB023,Saattut,253
2239,2019,MB023,Ukkusissat,264
2240,2019,MB024,Qaarsut,222
2241,2019,MB024,Ukkusissat,290
2242,2019,MB025,Qaarsut,245
2243,2019,MB025,Ukkusissat,293
2244,2019,MB025,Uummannaq,200
2245,2019,MB026,Qaarsut,288
2246,2019,MB026,Ukkusissat,290
2247,2019,MB026,Uummannaq,211
2248,2019,MB027,Ukkusissat,291
2249,2019,MB028,Qaarsut,259
2250,2019,MB028,Ukkusissat,286
2251,2019,MD019,Uummannaq,286
2252,2019,MD022,Saattut,286
2253,2019,MD023,Ukkusissat,223
2254,2019,MD024,Ukkusissat,284
2255,2019,MD025,Ukkusissat,217
2256,2019,MD027,Ukkusissat,194
2257,2019,MG021,Saattut,251
2258,2019,MG021,Ukkusissat,254
2259,2019,MG021,Uummannaq,269
2260,2019,MG022,Saattut,262
2261,2019,MG022,Uummannaq,236
2262,2019,MG023,Uummannaq,285
2263,2019,MM011,Kangersuatsiaq,251
2264,2019,MM011,Upernavik,270
2265,2019,MM011,Upernavik Kujalleq,270
2266,2019,MT007,Upernavik,228
2267,2019,MT008,Upernavik,225
2268,2019,MT010,Nuuk,213
2269,2019,MT010,Upernavik,230
2270,2019,MV008,Upernavik,249
2271,2019,MV010,Upernavik,249
2272,2019,MV011,Upernavik,237
2273,2019,MV012,Upernavik,203
2274,2019,MX008,Innaarsuit,249
2275,2019,MX009,Innaarsuit,265
2276,2019,MX009,Kullorsuaq,203
2277,2019,MX009,Naajaat,236
2278,2019,MX010,Aasiaat,242
2279,2019,MX010,Innaarsuit,259
2280,2019,MZ008,Innaarsuit,276
2281,2019,MZ008,Kangersuatsiaq,260
2282,2019,MZ008,Naajaat,288
2283,2019,MZ009,Innaarsuit,286
2284,2019,MZ009,Kangersuatsiaq,246
2285,2019,MZ009,Kullorsuaq,182
2286,2019,MZ009,Naajaat,288
2287,2019,MZ009,Nuuk,230
2288,2019,MZ010,Innaarsuit,270
2289,2019,MZ010,Naajaat,267
2290,2019,MZ010,Nuuk,249
2291,2019,MZ011,Upernavik,230
2292,2019,NA008,Nuuk,182
2293,2019,NA008,Upernavik,277
2294,2019,NA008,Upernavik Kujalleq,179
2295,2019,NA009,Aasiaat,237
2296,2019,NA009,Innaarsuit,246
2297,2019,NA009,Upernavik,216
2298,2019,NB007,Upernavik,286
2299,2019,NB008,Nuuk,222
2300,2019,NB008,Upernavik,265
2301,2019,NB009,Nuuk,238
2302,2019,NB009,Upernavik,248
2303,2019,ND007,Innaarsuit,200
2304,2019,ND007,Kullorsuaq,218
2305,2019,ND007,Nutaarmiut,295
2306,2019,ND007,Upernavik,183
2307,2019,ND008,Innaarsuit,250
2308,2019,ND008,Naajaat,248
2309,2019,ND008,Nutaarmiut,224
2310,2019,ND008,Nuuk,214
2311,2019,ND008,Upernavik,284
2312,2019,ND010,Nuuk,187
2313,2019,NG007,Upernavik,259
2314,2019,NH003,Upernavik,246
2315,2019,NH004,Upernavik,259
2316,2019,NH005,Nuuk,224
2317,2019,NH005,Upernavik,212
2318,2019,NH006,Kullorsuaq,212
2319,2019,NH006,Upernavik,271
2320,2019,NH007,Kullorsuaq,208
2321,2019,NH007,Upernavik,253
2322,2019,NM002,Kullorsuaq,263
2323,2019,NM002,Upernavik,225
2324,2019,NM003,Innaarsuit,278
2325,2019,NM003,Kullorsuaq,290
2326,2019,NM003,Naajaat,260
2327,2019,NM003,Upernavik,249
2328,2019,NM004,Kullorsuaq,280
2329,2019,NM004,Naajaat,223
2330,2019,NM006,Kullorsuaq,289
2331,2019,NM007,Kullorsuaq,288
2332,2019,NN002,Kangersuatsiaq,232
2333,2019,NN002,Kullorsuaq,286
2334,2019,NN002,Naajaat,280
2335,2019,NN002,Upernavik,286
2336,2019,NN003,Kangersuatsiaq,289
2337,2019,NN003,Kullorsuaq,290
2338,2019,NN003,Naajaat,282
2339,2019,NN003,Upernavik,274
2340,2019,NN004,Innaarsuit,273
2341,2019,NN004,Kullorsuaq,290
2342,2019,NN004,Naajaat,290
2343,2019,NN004,Nuuk,290
2344,2019,NN004,Upernavik,273
2345,2019,NN005,Kangersuatsiaq,190
2346,2019,NN005,Kullorsuaq,290
2347,2019,NN005,Upernavik Kujalleq,289
2348,2019,NN006,Kullorsuaq,290
2349,2019,NN007,Kullorsuaq,279
2350,2019,NP003,Innaarsuit,244
2351,2019,NP003,Kangersuatsiaq,259
2352,2019,NP003,Kullorsuaq,288
2353,2019,NP004,Kullorsuaq,287
2354,2019,NP004,Upernavik Kujalleq,224
2355,2019,PR392,Qaanaaq,257
2356,2019,PR395,Qaanaaq,301
2357,2019,PR396,Qaanaaq,291
2358,2019,PR397,Qaanaaq,292
2359,2019,PS392,Qaanaaq,270
2360,2019,PS394,Qaanaaq,257
2361,2019,PS395,Qaanaaq,326
2362,2019,PS395,Qeqertat,326
2363,2019,PS395,Savissivik,221
2364,2019,PS395,Siorapaluk,316
2365,2019,PS396,Qaanaaq,270
2366,2019,PS397,Qaanaaq,295
2367,2019,PS399,Qaanaaq,235
2368,2019,PS399,Savissivik,245
2369,2019,PS401,Savissivik,235
2370,2019,PS405,Qeqertat,223
2371,2019,PT398,Qaanaaq,291
2372,2019,PT398,Siorapaluk,267
2373,2019,PT405,Qaanaaq,316
2374,2019,PT405,Qeqertat,309
2375,2019,PT405,Siorapaluk,298
2376,2019,PT406,Qaanaaq,293
2377,2019,PT406,Qeqertat,298
2378,2019,PT407,Qaanaaq,287
2379,2020,HF035,Paamiut,214
2380,2020,KT018,Qaanaaq,292
2381,2020,LG029,Ilulissat,190
2382,2020,LG030,Ilulissat,219
2383,2020,LG030,Kangaatsiaq,217
2384,2020,LG031,Ilulissat,262
2385,2020,LG031,Oqaatsut,212
2386,2020,LG032,Ilulissat,270
2387,2020,LN026,Qeqertarsuaq,202
2388,2020,LN027,Qeqertaq,247
2389,2020,LN028,Ikamiut,117
2390,2020,LN028,Qeqertaq,321
2391,2020,LN028,Saqqaq,208
2392,2020,LN029,Kitsissuarsuit,333
2393,2020,LN029,Qeqertaq,311
2394,2020,LN029,Qeqertarsuaq,323
2395,2020,LP026,Qeqertaq,212
2396,2020,LP027,Qeqertaq,200
2397,2020,LP028,Qeqertaq,263
2398,2020,LP028,Saqqaq,239
2399,2020,LS029,Qeqertarsuaq,207
2400,2020,LT025,Uummannaq,250
2401,2020,LT026,Ikerasak,193
2402,2020,LT026,Qaarsut,221
2403,2020,LT026,Saqqaq,239
2404,2020,LT027,Ikerasak,275
2405,2020,LT027,Qaarsut,232
2406,2020,LT027,Qeqertaq,239
2407,2020,LT027,Uummannaq,239
2408,2020,LT028,Ikerasak,306
2409,2020,LT028,Qaarsut,237
2410,2020,LT028,Qeqertaq,240
2411,2020,LT029,Ikerasak,267
2412,2020,LV024,Qaarsut,251
2413,2020,LV024,Uummannaq,249
2414,2020,LV025,Ikerasak,271
2415,2020,LV025,Qaarsut,251
2416,2020,LV025,Uummannaq,251
2417,2020,LV026,Ikerasak,267
2418,2020,LV026,Nuuk,230
2419,2020,LV026,Qaarsut,251
2420,2020,LV026,Qeqertaq,221
2421,2020,LV026,Saqqaq,232
2422,2020,LV026,Uummannaq,251
2423,2020,LV027,Ikerasak,275
2424,2020,LV027,Qaarsut,239
2425,2020,LV027,Saqqaq,208
2426,2020,LV027,Ukkusissat,236
2427,2020,LV027,Uummannaq,226
2428,2020,LV028,Ikerasak,239
2429,2020,LV028,Nuuk,227
2430,2020,LV028,Qaarsut,218
2431,2020,LV028,Saqqaq,205
2432,2020,LV029,Ikerasak,228
2433,2020,LV029,Qaarsut,226
2434,2020,LX023,Qaarsut,251
2435,2020,LX023,Uummannaq,249
2436,2020,LX024,Niaqornat,241
2437,2020,LX024,Qaarsut,250
2438,2020,LX024,Qeqertaq,251
2439,2020,LX024,Saattut,249
2440,2020,LX024,Ukkusissat,250
2441,2020,LX024,Uummannaq,277
2442,2020,LX025,Ikerasak,235
2443,2020,LX025,Uummannaq,241
2444,2020,LX026,Ikerasak,221
2445,2020,LX026,Qaarsut,251
2446,2020,LX026,Saattut,250
2447,2020,LX026,Saqqaq,225
2448,2020,LX026,Ukkusissat,240
2449,2020,LX026,Uummannaq,250
2450,2020,LX027,Ikerasak,265
2451,2020,LX027,Saattut,268
2452,2020,LX027,Uummannaq,249
2453,2020,LX028,Ikerasak,270
2454,2020,LX028,Nuuk,239
2455,2020,LX028,Qaarsut,248
2456,2020,LX028,Saattut,251
2457,2020,LX028,Ukkusissat,248
2458,2020,LX028,Uummannaq,236
2459,2020,LX029,Saattut,205
2460,2020,LZ021,Saattut,208
2461,2020,LZ021,Uummannaq,249
2462,2020,LZ025,Ikerasak,248
2463,2020,LZ025,Saattut,250
2464,2020,LZ026,Ikerasak,226
2465,2020,LZ026,Niaqornat,237
2466,2020,LZ026,Qeqertarsuaq,268
2467,2020,LZ026,Saattut,278
2468,2020,LZ026,Uummannaq,248
2469,2020,LZ027,Saattut,271
2470,2020,LZ027,Uummannaq,249
2471,2020,LZ028,Saattut,269
2472,2020,LZ028,Uummannaq,269
2473,2020,LZ029,Saattut,199
2474,2020,MA024,Ikerasak,221
2475,2020,MA024,Ukkusissat,253
2476,2020,MA024,Uummannaq,253
2477,2020,MA025,Ikerasak,223
2478,2020,MA025,Saattut,191
2479,2020,MA025,Ukkusissat,253
2480,2020,MA025,Uummannaq,206
2481,2020,MA026,Ikerasak,208
2482,2020,MA026,Saattut,269
2483,2020,MA026,Ukkusissat,236
2484,2020,MA026,Uummannaq,211
2485,2020,MA027,Saattut,233
2486,2020,MA028,Saattut,191
2487,2020,MA028,Ukkusissat,265
2488,2020,MA028,Uummannaq,216
2489,2020,MB024,Ukkusissat,253
2490,2020,MB025,Ikerasak,191
2491,2020,MB025,Ukkusissat,271
2492,2020,MB025,Uummannaq,219
2493,2020,MB026,Ikerasak,201
2494,2020,MB026,Ukkusissat,268
2495,2020,MB026,Uummannaq,237
2496,2020,MB027,Ukkusissat,233
2497,2020,MB028,Ukkusissat,265
2498,2020,MB028,Uummannaq,200
2499,2020,MM010,Kullorsuaq,220
2500,2020,MM011,Kangersuatsiaq,271
2501,2020,MM011,Upernavik Kujalleq,278
2502,2020,MM012,Upernavik Kujalleq,263
2503,2020,MT008,Upernavik,268
2504,2020,MT009,Upernavik,227
2505,2020,MT010,Upernavik,236
2506,2020,MT010,Upernavik Kujalleq,252
2507,2020,MV010,Upernavik,274
2508,2020,MV010,Upernavik Kujalleq,216
2509,2020,MV011,Upernavik,242
2510,2020,MV012,Upernavik,262
2511,2020,MV013,Upernavik,225
2512,2020,MX008,Innaarsuit,201
2513,2020,MX009,Innaarsuit,289
2514,2020,MX009,Kangersuatsiaq,212
2515,2020,MX009,Kullorsuaq,279
2516,2020,MX009,Naajaat,273
2517,2020,MX010,Innaarsuit,268
2518,2020,MZ007,Innaarsuit,261
2519,2020,MZ008,Innaarsuit,291
2520,2020,MZ008,Kangersuatsiaq,273
2521,2020,MZ008,Naajaat,275
2522,2020,MZ008,Upernavik Kujalleq,240
2523,2020,MZ009,Innaarsuit,277
2524,2020,MZ009,Naajaat,286
2525,2020,MZ010,Innaarsuit,280
2526,2020,MZ010,Kangersuatsiaq,256
2527,2020,MZ010,Naajaat,270
2528,2020,MZ011,Naajaat,270
2529,2020,NA007,Upernavik,206
2530,2020,NA008,Kullorsuaq,270
2531,2020,NA008,Upernavik,282
2532,2020,NA009,Innaarsuit,253
2533,2020,NA009,Kullorsuaq,240
2534,2020,NB007,Upernavik,222
2535,2020,NB008,Upernavik,263
2536,2020,NB009,Upernavik,248
2537,2020,ND007,Nutaarmiut,282
2538,2020,ND007,Upernavik,219
2539,2020,ND007,Upernavik Kujalleq,277
2540,2020,ND008,Nutaarmiut,279
2541,2020,ND008,Upernavik,305
2542,2020,ND008,Upernavik Kujalleq,279
2543,2020,ND009,Nutaarmiut,312
2544,2020,ND009,Upernavik,241
2545,2020,ND009,Upernavik Kujalleq,237
2546,2020,ND010,Upernavik,240
2547,2020,NG005,Kangersuatsiaq,241
2548,2020,NG005,Upernavik,240
2549,2020,NG006,Upernavik Kujalleq,268
2550,2020,NG007,Kullorsuaq,265
2551,2020,NG007,Upernavik,292
2552,2020,NH001,Kullorsuaq,265
2553,2020,NH004,Kullorsuaq,268
2554,2020,NH004,Nutaarmiut,268
2555,2020,NH004,Upernavik,293
2556,2020,NH005,Innaarsuit,289
2557,2020,NH005,Upernavik,300
2558,2020,NH006,Kangersuatsiaq,209
2559,2020,NH006,Kullorsuaq,261
2560,2020,NH006,Upernavik,292
2561,2020,NH007,Kangersuatsiaq,198
2562,2020,NH007,Kullorsuaq,234
2563,2020,NH007,Upernavik,293
2564,2020,NK005,Kangersuatsiaq,236
2565,2020,NM003,Kangersuatsiaq,209
2566,2020,NM003,Kullorsuaq,300
2567,2020,NM004,Kullorsuaq,293
2568,2020,NM005,Kullorsuaq,171
2569,2020,NM006,Innaarsuit,167
2570,2020,NM006,Kullorsuaq,284
2571,2020,NM006,Upernavik Kujalleq,200
2572,2020,NM007,Kullorsuaq,223
2573,2020,NN001,Kullorsuaq,268
2574,2020,NN002,Kullorsuaq,299
2575,2020,NN003,Kullorsuaq,300
2576,2020,NN003,Nutaarmiut,172
2577,2020,NN004,Kullorsuaq,321
2578,2020,NN005,Kangersuatsiaq,293
2579,2020,NN005,Kullorsuaq,321
2580,2020,NN005,Upernavik Kujalleq,186
2581,2020,NN006,Kangersuatsiaq,220
2582,2020,NN006,Kullorsuaq,293
2583,2020,NN006,Nutaarmiut,195
2584,2020,NN007,Kullorsuaq,275
2585,2020,NP002,Kullorsuaq,284
2586,2020,NP003,Kullorsuaq,300
2587,2020,NP003,Upernavik,227
2588,2020,NP004,Kullorsuaq,292
2589,2020,NP005,Kullorsuaq,282
2590,2020,PR396,Qaanaaq,166
2591,2020,PR397,Qaanaaq,291
2592,2020,PS394,Qaanaaq,212
2593,2020,PS395,Qaanaaq,298
2594,2020,PS395,Qeqertat,174
2595,2020,PS396,Qaanaaq,284
2596,2020,PS397,Qaanaaq,303
2597,2020,PS398,Qaanaaq,284
2598,2020,PS398,Siorapaluk,291
2599,2020,PS399,Qaanaaq,283
2600,2020,PS399,Siorapaluk,289
2601,2020,PS406,Qaanaaq,201
2602,2020,PS406,Siorapaluk,206
2603,2020,PT405,Qaanaaq,185
2604,2020,PT405,Qeqertat,184
2605,2020,PT406,Qaanaaq,254
2606,2020,PT406,Qeqertat,265
2607,2020,PT406,Siorapaluk,228
2608,2020,PT407,Qaanaaq,303
2609,2020,PT407,Qeqertat,310
2610,2020,PT407,Siorapaluk,282
2611,2021,KH021,Sarfannguit,284
2612,2021,KS019,Attu,239
2613,2021,KV019,Kangaatsiaq,242
2614,2021,LB022,Akunnaaq,215
2615,2021,LB023,Akunnaaq,249
2616,2021,LD001,Akunnaaq,234
2617,2021,LD021,Akunnaaq,246
2618,2021,LD022,Akunnaaq,255
2619,2021,LD023,Akunnaaq,255
2620,2021,LD024,Akunnaaq,255
2621,2021,LE020,Akunnaaq,213
2622,2021,LE022,Akunnaaq,223
2623,2021,LF028,Ilimanaq,247
2624,2021,LG030,Ilulissat,289
2625,2021,LG030,Uummannaq,208
2626,2021,LG031,Ilulissat,260
2627,2021,LG032,Ilulissat,275
2628,2021,LH018,Qeqertarsuaq,255
2629,2021,LH019,Qeqertarsuaq,246
2630,2021,LN027,Qeqertaq,236
2631,2021,LN028,Qeqertaq,246
2632,2021,LP027,Qeqertaq,255
2633,2021,LP028,Aasiaat,214
2634,2021,LP028,Qaarsut,211
2635,2021,LP028,Qeqertaq,245
2636,2021,LP028,Saqqaq,212
2637,2021,LP029,Qeqertaq,245
2638,2021,LR022,Ukkusissat,283
2639,2021,LT026,Uummannaq,224
2640,2021,LT027,Ikerasak,295
2641,2021,LT027,Qeqertaq,234
2642,2021,LT027,Uummannaq,278
2643,2021,LT028,Ikerasak,295
2644,2021,LT028,Qaarsut,221
2645,2021,LT028,Qeqertaq,263
2646,2021,LT029,Ikerasak,234
2647,2021,LT029,Qeqertaq,232
2648,2021,LV023,Qaarsut,283
2649,2021,LV024,Ikerasak,268
2650,2021,LV024,Ilulissat,219
2651,2021,LV024,Niaqornat,290
2652,2021,LV024,Uummannaq,250
2653,2021,LV025,Ilulissat,269
2654,2021,LV025,Qaarsut,267
2655,2021,LV025,Qeqertaq,231
2656,2021,LV025,Saqqaq,250
2657,2021,LV025,Uummannaq,280
2658,2021,LV026,Ikerasak,277
2659,2021,LV026,Qaarsut,238
2660,2021,LV026,Saattut,304
2661,2021,LV026,Saqqaq,237
2662,2021,LV026,Uummannaq,258
2663,2021,LV027,Ikerasak,295
2664,2021,LV027,Qaarsut,250
2665,2021,LV027,Qeqertaq,276
2666,2021,LV027,Uummannaq,258
2667,2021,LV028,Ikerasak,280
2668,2021,LV028,Uummannaq,246
2669,2021,LX022,Qaarsut,246
2670,2021,LX023,Naajaat,331
2671,2021,LX023,Qaarsut,293
2672,2021,LX023,Uummannaq,267
2673,2021,LX024,Ikerasak,270
2674,2021,LX024,Ilulissat,254
2675,2021,LX024,Niaqornat,294
2676,2021,LX024,Nuuk,250
2677,2021,LX024,Qaarsut,293
2678,2021,LX024,Saattut,287
2679,2021,LX024,Saqqaq,233
2680,2021,LX024,Ukkusissat,235
2681,2021,LX024,Uummannaq,310
2682,2021,LX025,Ilulissat,260
2683,2021,LX025,Niaqornat,276
2684,2021,LX025,Nuuk,255
2685,2021,LX025,Qaarsut,278
2686,2021,LX025,Saattut,283
2687,2021,LX025,Uummannaq,294
2688,2021,LX026,Nuuk,218
2689,2021,LX026,Saattut,296
2690,2021,LX026,Saqqaq,222
2691,2021,LX026,Uummannaq,278
2692,2021,LX027,Ikerasak,290
2693,2021,LX027,Qaarsut,285
2694,2021,LX027,Qeqertaq,262
2695,2021,LX027,Saattut,295
2696,2021,LX027,Ukkusissat,222
2697,2021,LX027,Uummannaq,253
2698,2021,LX028,Ikerasak,268
2699,2021,LX028,Qaarsut,245
2700,2021,LX028,Saattut,222
2701,2021,LX028,Uummannaq,256
2702,2021,LX029,Ikerasak,242
2703,2021,LZ019,Saattut,258
2704,2021,LZ023,Qaarsut,268
2705,2021,LZ024,Nuuk,260
2706,2021,LZ024,Qaarsut,242
2707,2021,LZ024,Saattut,295
2708,2021,LZ024,Ukkusissat,286
2709,2021,LZ024,Uummannaq,295
2710,2021,LZ025,Saattut,297
2711,2021,LZ025,Saqqaq,269
2712,2021,LZ025,Uummannaq,288
2713,2021,LZ026,Niaqornat,201
2714,2021,LZ026,Nuuk,222
2715,2021,LZ026,Qaarsut,204
2716,2021,LZ026,Saattut,312
2717,2021,LZ026,Saqqaq,266
2718,2021,LZ026,Ukkusissat,221
2719,2021,LZ026,Uummannaq,235
2720,2021,LZ027,Niaqornat,203
2721,2021,LZ027,Qaarsut,276
2722,2021,LZ027,Saattut,296
2723,2021,LZ027,Saqqaq,253
2724,2021,LZ027,Uummannaq,200
2725,2021,LZ028,Niaqornat,211
2726,2021,LZ028,Nuuk,276
2727,2021,LZ028,Qaarsut,282
2728,2021,LZ028,Saattut,291
2729,2021,LZ028,Uummannaq,236
2730,2021,LZ029,Nuuk,287
2731,2021,LZ029,Saattut,295
2732,2021,LZ029,Uummannaq,249
2733,2021,MA024,Ikerasak,235
2734,2021,MA024,Nuuk,247
2735,2021,MA024,Saqqaq,283
2736,2021,MA024,Ukkusissat,295
2737,2021,MA024,Uummannaq,286
2738,2021,MA025,Saattut,255
2739,2021,MA025,Ukkusissat,283
2740,2021,MA025,Uummannaq,233
2741,2021,MA026,Qaarsut,229
2742,2021,MA026,Saattut,295
2743,2021,MA026,Ukkusissat,277
2744,2021,MA026,Uummannaq,282
2745,2021,MA027,Niaqornat,212
2746,2021,MA027,Nuuk,278
2747,2021,MA027,Saattut,295
2748,2021,MA027,Ukkusissat,291
2749,2021,MA028,Ukkusissat,294
2750,2021,MA028,Uummannaq,281
2751,2021,MB023,Nuuk,243
2752,2021,MB024,Nuuk,264
2753,2021,MB024,Saqqaq,284
2754,2021,MB024,Ukkusissat,302
2755,2021,MB024,Uummannaq,277
2756,2021,MB025,Saattut,304
2757,2021,MB025,Saqqaq,288
2758,2021,MB025,Ukkusissat,305
2759,2021,MB025,Uummannaq,278
2760,2021,MB026,Saqqaq,292
2761,2021,MB026,Ukkusissat,304
2762,2021,MB026,Uummannaq,295
2763,2021,MB027,Ukkusissat,266
2764,2021,MB027,Uummannaq,234
2765,2021,MB028,Nuuk,236
2766,2021,MB028,Ukkusissat,288
2767,2021,ML010,Upernavik Kujalleq,277
2768,2021,ML011,Upernavik Kujalleq,268
2769,2021,MM010,Upernavik Kujalleq,295
2770,2021,MM011,Upernavik Kujalleq,295
2771,2021,MM012,Upernavik Kujalleq,250
2772,2021,MN011,Kangersuatsiaq,246
2773,2021,MN011,Upernavik Kujalleq,229
2774,2021,MN013,Upernavik Kujalleq,236
2775,2021,MT007,Upernavik,221
2776,2021,MT007,Upernavik Kujalleq,244
2777,2021,MT008,Upernavik,246
2778,2021,MT009,Upernavik,229
2779,2021,MT010,Upernavik,269
2780,2021,MV007,Upernavik,225
2781,2021,MV010,Upernavik,270
2782,2021,MV011,Upernavik,266
2783,2021,MV012,Upernavik,267
2784,2021,MV013,Upernavik,218
2785,2021,MX007,Innaarsuit,258
2786,2021,MX008,Innaarsuit,276
2787,2021,MX008,Kangersuatsiaq,232
2788,2021,MX009,Innaarsuit,290
2789,2021,MX009,Kangersuatsiaq,290
2790,2021,MX009,Naajaat,291
2791,2021,MX009,Upernavik,232
2792,2021,MX009,Upernavik Kujalleq,211
2793,2021,MZ007,Innaarsuit,253
2794,2021,MZ008,Innaarsuit,297
2795,2021,MZ008,Kangersuatsiaq,301
2796,2021,MZ008,Naajaat,208
2797,2021,MZ008,Nutaarmiut,276
2798,2021,MZ008,Upernavik,243
2799,2021,MZ008,Upernavik Kujalleq,289
2800,2021,MZ009,Innaarsuit,303
2801,2021,MZ009,Naajaat,306
2802,2021,MZ009,Upernavik,268
2803,2021,MZ009,Upernavik Kujalleq,214
2804,2021,MZ010,Innaarsuit,273
2805,2021,MZ010,Naajaat,284
2806,2021,MZ010,Upernavik,235
2807,2021,MZ011,Innaarsuit,219
2808,2021,MZ011,Naajaat,253
2809,2021,NA006,Innaarsuit,211
2810,2021,NA007,Innaarsuit,247
2811,2021,NA008,Innaarsuit,218
2812,2021,NA008,Upernavik,262
2813,2021,NA009,Innaarsuit,269
2814,2021,NA009,Naajaat,215
2815,2021,NB007,Upernavik,261
2816,2021,NB007,Upernavik Kujalleq,202
2817,2021,NB008,Kullorsuaq,215
2818,2021,NB008,Nutaarmiut,187
2819,2021,NB008,Nuuk,208
2820,2021,NB008,Upernavik,263
2821,2021,NB008,Upernavik Kujalleq,233
2822,2021,NB009,Upernavik,294
2823,2021,ND007,Kullorsuaq,223
2824,2021,ND007,Nutaarmiut,295
2825,2021,ND007,Nuuk,201
2826,2021,ND007,Upernavik,223
2827,2021,ND007,Upernavik Kujalleq,228
2828,2021,ND008,Kullorsuaq,235
2829,2021,ND008,Nutaarmiut,296
2830,2021,ND008,Nuuk,207
2831,2021,ND008,Upernavik,303
2832,2021,ND009,Kullorsuaq,218
2833,2021,ND009,Nutaarmiut,238
2834,2021,ND009,Upernavik,243
2835,2021,ND010,Upernavik Kujalleq,232
2836,2021,NG006,Kullorsuaq,66
2837,2021,NG006,Upernavik,208
2838,2021,NG007,Ilulissat,254
2839,2021,NG007,Innaarsuit,238
2840,2021,NG007,Kullorsuaq,254
2841,2021,NG007,Upernavik,306
2842,2021,NH004,Upernavik,302
2843,2021,NH005,Kullorsuaq,235
2844,2021,NH005,Upernavik,254
2845,2021,NH006,Ilulissat,296
2846,2021,NH006,Innaarsuit,247
2847,2021,NH006,Kullorsuaq,253
2848,2021,NH006,Upernavik,305
2849,2021,NH007,Ilulissat,253
2850,2021,NH007,Upernavik,305
2851,2021,NL001,Kullorsuaq,268
2852,2021,NL006,Kullorsuaq,232
2853,2021,NM001,Kullorsuaq,277
2854,2021,NM002,Kullorsuaq,275
2855,2021,NM003,Innaarsuit,234
2856,2021,NM003,Kullorsuaq,284
2857,2021,NM003,Nutaarmiut,270
2858,2021,NM004,Kullorsuaq,247
2859,2021,NM005,Kullorsuaq,227
2860,2021,NM006,Kullorsuaq,238
2861,2021,NM007,Kullorsuaq,271
2862,2021,NN001,Kullorsuaq,282
2863,2021,NN001,Nutaarmiut,263
2864,2021,NN002,Kullorsuaq,261
2865,2021,NN003,Kullorsuaq,282
2866,2021,NN004,Kullorsuaq,283
2867,2021,NN005,Kullorsuaq,275
2868,2021,NN006,Kullorsuaq,278
2869,2021,NN006,Nutaarmiut,250
2870,2021,NN007,Kullorsuaq,278
2871,2021,NP001,Kullorsuaq,263
2872,2021,NP003,Kullorsuaq,234
2873,2021,NP004,Kullorsuaq,274
2874,2021,PR390,Qaanaaq,281
2875,2021,PR396,Qaanaaq,207
2876,2021,PR397,Qaanaaq,302
2877,2021,PR397,Siorapaluk,232
2878,2021,PR398,Qaanaaq,295
2879,2021,PS394,Qaanaaq,169
2880,2021,PS395,Qaanaaq,330
2881,2021,PS395,Siorapaluk,288
2882,2021,PS396,Qaanaaq,262
2883,2021,PS397,Qaanaaq,323
2884,2021,PS404,Qaanaaq,183
2885,2021,PS405,Qeqertat,208
2886,2021,PS406,Qaanaaq,176
2887,2021,PS406,Qeqertat,173
2888,2021,PT397,Qaanaaq,211
2889,2021,PT398,Qaanaaq,267
2890,2021,PT400,Qaanaaq,246
2891,2021,PT404,Qaanaaq,291
2892,2021,PT405,Qaanaaq,288
2893,2021,PT405,Qeqertat,247
2894,2021,PT406,Qaanaaq,306
2895,2021,PT406,Qeqertat,269
2896,2021,PT406,Siorapaluk,267
2897,2021,PT407,Qaanaaq,325
2898,2021,PT407,Qeqertat,323
2899,2022,MX009,Innaarsuit,116
2900,2022,PS395,Qaanaaq,151
