season,field_code,sellers_locality,first_catch_day
2012,600B3,Sermiligaaq,261
2012,LB025,Ikamiut,222
2012,LB028,Qasigiannguit,222
2012,LD027,Qasigiannguit,205
2012,LD028,Qasigiannguit,210
2012,LD029,Qasigiannguit,215
2012,LE026,Qasigiannguit,173
2012,LE027,Qasigiannguit,229
2012,LF028,Ilimanaq,211
2012,LG018,Qeqertarsuaq,210
2012,LG019,Qeqertarsuaq,209
2012,LG027,Qasigiannguit,222
2012,LG028,Ilulissat,158
2012,LG029,Ilulissat,173
2012,LG030,Ilulissat,121
2012,LG030,Qasigiannguit,215
2012,LG031,Ilulissat,194
2012,LH028,Qeqertaq,313
2012,LH029,Ilulissat,122
2012,LN025,Saqqaq,208
2012,LN026,Ilulissat,224
2012,LN026,Saqqaq,209
2012,LN027,Qeqertaq,169
2012,LN028,Qeqertaq,183
2012,LN028,Saqqaq,197
2012,LP025,Saqqaq,215
2012,LP026,Saqqaq,211
2012,LP028,Qeqertaq,167
2012,LP028,Saqqaq,211
2012,LT027,Ikerasak,159
2012,LT027,Uummannaq,187
2012,LT028,Ikerasak,215
2012,LT029,Ikerasak,215
2012,LV024,Uummannaq,208
2012,LV025,Uummannaq,208
2012,LV026,Ikerasak,184
2012,LV026,Uummannaq,219
2012,LV027,Ikerasak,159
2012,LV027,Uummannaq,176
2012,LV028,Ikerasak,198
2012,LV028,Niaqornat,256
2012,LV029,Ikerasak,201
2012,LX022,Qaarsut,210
2012,LX023,Ilulissat,222
2012,LX023,Qaarsut,209
2012,LX023,Qasigiannguit,226
2012,LX023,Uummannaq,208
2012,LX024,Ikerasak,216
2012,LX024,Niaqornat,214
2012,LX024,Nuugaatsiaq,208
2012,LX024,Qaarsut,208
2012,LX024,Qasigiannguit,244
2012,LX024,Ukkusissat,224
2012,LX024,Uummannaq,208
2012,LX025,Saattut,247
2012,LX025,Uummannaq,221
2012,LX026,Niaqornat,183
2012,LX026,Qasigiannguit,230
2012,LX026,Saattut,166
2012,LX026,Uummannaq,205
2012,LX027,Ikerasak,189
2012,LX027,Niaqornat,198
2012,LX027,Saattut,182
2012,LX028,Ikerasak,180
2012,LX028,Ukkusissat,194
2012,LX029,Ikerasak,231
2012,LX029,Uummannaq,210
2012,LZ018,Niaqornat,208
2012,LZ022,Qaarsut,222
2012,LZ023,Qaarsut,222
2012,LZ024,Saattut,256
2012,LZ025,Niaqornat,243
2012,LZ025,Nuugaatsiaq,247
2012,LZ025,Qasigiannguit,217
2012,LZ025,Saattut,168
2012,LZ026,Nuugaatsiaq,163
2012,LZ026,Qaarsut,196
2012,LZ026,Qasigiannguit,179
2012,LZ026,Saattut,156
2012,LZ026,Saqqaq,232
2012,LZ026,Ukkusissat,211
2012,LZ027,Saattut,159
2012,LZ027,Ukkusissat,197
2012,LZ028,Qasigiannguit,191
2012,LZ028,Saattut,166
2012,LZ029,Qasigiannguit,198
2012,LZ029,Saattut,210
2012,MA023,Ukkusissat,259
2012,MA024,Saattut,218
2012,MA024,Ukkusissat,197
2012,MA025,Ukkusissat,198
2012,MA026,Ikerasak,237
2012,MA026,Nuugaatsiaq,184
2012,MA026,Saattut,159
2012,MA026,Ukkusissat,202
2012,MA027,Niaqornat,169
2012,MA027,Qasigiannguit,212
2012,MA027,Saattut,166
2012,MA027,Ukkusissat,215
2012,MA027,Uummannaq,170
2012,MA028,Saattut,202
2012,MA028,Ukkusissat,249
2012,MA029,Ukkusissat,271
2012,MB024,Ukkusissat,176
2012,MB025,Saattut,271
2012,MB025,Ukkusissat,159
2012,MB026,Ukkusissat,172
2012,MB027,Ukkusissat,198
2012,MB028,Ukkusissat,225
2012,MB029,Ukkusissat,260
2012,MD019,Illorsuit,194
2012,MF019,Nuugaatsiaq,293
2012,MF020,Nuugaatsiaq,222
2012,MF021,Nuugaatsiaq,285
2012,MG019,Nuugaatsiaq,190
2012,MG020,Nuugaatsiaq,194
2012,MG020,Saattut,279
2012,MG021,Nuugaatsiaq,197
2012,MG022,Nuugaatsiaq,211
2012,MM011,Upernavik,194
2012,MM011,Upernavik Kujalleq,166
2012,MM012,Upernavik,205
2012,MM012,Upernavik Kujalleq,180
2012,MM013,Upernavik Kujalleq,204
2012,MN013,Innaarsuit,335
2012,MN013,Kangersuatsiaq,336
2012,MN013,Upernavik Kujalleq,201
2012,MT007,Upernavik,208
2012,MT008,Upernavik,252
2012,MT010,Upernavik,197
2012,MV010,Upernavik,194
2012,MV011,Upernavik,194
2012,MV012,Upernavik,251
2012,MX008,Innaarsuit,208
2012,MX008,Naajaat,187
2012,MX009,Innaarsuit,183
2012,MX009,Kangersuatsiaq,180
2012,MX009,Naajaat,177
2012,MX009,Upernavik,201
2012,MX010,Innaarsuit,252
2012,MX011,Innaarsuit,260
2012,MX011,Naajaat,211
2012,MX011,Upernavik,266
2012,MX012,Innaarsuit,208
2012,MX012,Naajaat,208
2012,MZ008,Innaarsuit,75
2012,MZ008,Naajaat,173
2012,MZ008,Ukkusissat,75
2012,MZ008,Upernavik,223
2012,MZ009,Innaarsuit,197
2012,MZ009,Naajaat,201
2012,MZ009,Upernavik,203
2012,MZ010,Innaarsuit,195
2012,MZ010,Naajaat,225
2012,MZ010,Upernavik,203
2012,MZ011,Innaarsuit,198
2012,MZ011,Naajaat,222
2012,MZ011,Upernavik,287
2012,NA008,Innaarsuit,182
2012,NA008,Kullorsuaq,211
2012,NA008,Nutaarmiut,212
2012,NA008,Upernavik,166
2012,NA008,Upernavik Kujalleq,211
2012,NA009,Innaarsuit,201
2012,NA009,Upernavik,201
2012,NB006,Upernavik,209
2012,NB007,Kangersuatsiaq,254
2012,NB007,Nutaarmiut,223
2012,NB007,Upernavik,189
2012,NB008,Innaarsuit,250
2012,NB008,Kangersuatsiaq,238
2012,NB008,Nutaarmiut,219
2012,NB008,Upernavik,180
2012,NB009,Nutaarmiut,222
2012,NB009,Upernavik,182
2012,ND007,"Ikerasaarsuk, Upernavik",229
2012,ND007,Innaarsuit,188
2012,ND007,Kangersuatsiaq,267
2012,ND007,Nutaarmiut,180
2012,ND007,Upernavik,170
2012,ND008,"Ikerasaarsuk, Upernavik",208
2012,ND008,Innaarsuit,190
2012,ND008,Kangersuatsiaq,198
2012,ND008,Kullorsuaq,225
2012,ND008,Nutaarmiut,190
2012,ND008,Upernavik,180
2012,ND008,Upernavik Kujalleq,225
2012,ND009,Upernavik,216
2012,NG004,Upernavik,252
2012,NG005,Kullorsuaq,237
2012,NG005,Upernavik,212
2012,NG006,Kullorsuaq,215
2012,NG006,Upernavik,222
2012,NG007,Upernavik,196
2012,NH004,Kullorsuaq,244
2012,NH004,Upernavik,198
2012,NH005,Upernavik,169
2012,NH006,Upernavik,180
2012,NH007,Kullorsuaq,215
2012,NH007,Upernavik,177
2012,NH007,Upernavik Kujalleq,218
2012,NM003,Kullorsuaq,187
2012,NM003,Upernavik,282
2012,NM004,Kullorsuaq,174
2012,NM005,Kullorsuaq,210
2012,NM006,Kullorsuaq,198
2012,NM006,Upernavik Kujalleq,203
2012,NN003,Kullorsuaq,264
2012,NN004,Kullorsuaq,175
2012,NN004,Upernavik,261
2012,NN005,Kullorsuaq,175
2012,NN005,Upernavik,261
2012,NN006,Kullorsuaq,174
2012,NN006,Upernavik,264
2012,NN007,Kullorsuaq,176
2012,NN007,Upernavik,259
2012,NN007,Upernavik Kujalleq,201
2013,600B3,Sermiligaaq,257
2013,KE019,Itilleq,216
2013,LB023,Akunnaaq,224
2013,LB023,Ikamiut,224
2013,LD021,Uummannaq,241
2013,LD023,Akunnaaq,222
2013,LD024,Akunnaaq,234
2013,LD028,Qasigiannguit,237
2013,LF019,Qeqertarsuaq,277
2013,LG018,Qeqertarsuaq,223
2013,LG028,Ilulissat,143
2013,LG029,Ilulissat,139
2013,LG030,Ilulissat,92
2013,LG031,Ilulissat,125
2013,LH018,Qeqertarsuaq,246
2013,LH019,Qeqertarsuaq,242
2013,LN025,Saqqaq,214
2013,LN026,Saqqaq,208
2013,LN027,Qasigiannguit,221
2013,LN027,Qeqertaq,228
2013,LN027,Saattut,225
2013,LN028,Qeqertaq,224
2013,LN028,Saattut,221
2013,LP025,Saqqaq,238
2013,LP026,Saqqaq,242
2013,LP027,Qeqertaq,217
2013,LP028,Qasigiannguit,210
2013,LP028,Qeqertaq,197
2013,LP028,Saattut,209
2013,LT026,Ikerasak,253
2013,LT027,Ikerasak,201
2013,LT027,Ilulissat,230
2013,LT027,Uummannaq,256
2013,LT028,Ikerasak,203
2013,LT028,Uummannaq,251
2013,LT029,Ikerasak,276
2013,LV024,Ilulissat,248
2013,LV024,Qaarsut,223
2013,LV024,Uummannaq,214
2013,LV025,Ikerasak,220
2013,LV025,Qaarsut,239
2013,LV025,Uummannaq,210
2013,LV026,Ikerasak,220
2013,LV026,Illorsuit,224
2013,LV026,Qaarsut,249
2013,LV026,Uummannaq,224
2013,LV027,Ikerasak,151
2013,LV027,Illorsuit,200
2013,LV027,Ilulissat,162
2013,LV027,Saattut,252
2013,LV027,Uummannaq,223
2013,LV028,Ikerasak,246
2013,LV028,Saattut,264
2013,LV028,Uummannaq,237
2013,LV029,Nuugaatsiaq,232
2013,LX022,Qaarsut,267
2013,LX023,Qaarsut,216
2013,LX023,Uummannaq,214
2013,LX024,Ikerasak,220
2013,LX024,Illorsuit,214
2013,LX024,Ilulissat,249
2013,LX024,Niaqornat,256
2013,LX024,Qaarsut,209
2013,LX024,Saattut,271
2013,LX024,Uummannaq,194
2013,LX025,Illorsuit,224
2013,LX025,Niaqornat,217
2013,LX025,Qaarsut,231
2013,LX025,Saattut,229
2013,LX025,Uummannaq,230
2013,LX026,Illorsuit,220
2013,LX026,Nuugaatsiaq,218
2013,LX026,Saattut,186
2013,LX026,Uummannaq,214
2013,LX027,Ikerasak,210
2013,LX027,Niaqornat,220
2013,LX027,Saattut,188
2013,LX027,Ukkusissat,265
2013,LX027,Uummannaq,220
2013,LX028,Ikerasak,232
2013,LX028,Saattut,256
2013,LX028,Uummannaq,245
2013,LZ018,Niaqornat,232
2013,LZ022,Qaarsut,248
2013,LZ023,Qaarsut,264
2013,LZ024,Saattut,266
2013,LZ025,Saattut,196
2013,LZ025,Uummannaq,273
2013,LZ026,Niaqornat,266
2013,LZ026,Nuugaatsiaq,220
2013,LZ026,Saattut,158
2013,LZ026,Uummannaq,159
2013,LZ027,Illorsuit,249
2013,LZ027,Saattut,179
2013,LZ027,Uummannaq,195
2013,LZ028,Saattut,186
2013,MA024,Ukkusissat,223
2013,MA025,Niaqornat,264
2013,MA025,Saattut,249
2013,MA025,Ukkusissat,253
2013,MA025,Uummannaq,280
2013,MA026,Niaqornat,189
2013,MA026,Saattut,159
2013,MA027,Niaqornat,190
2013,MA027,Saattut,200
2013,MA028,Ukkusissat,218
2013,MA029,Saattut,203
2013,MB024,Nuugaatsiaq,256
2013,MB024,Ukkusissat,195
2013,MB025,Saattut,236
2013,MB025,Ukkusissat,158
2013,MB026,Nuugaatsiaq,179
2013,MB026,Ukkusissat,165
2013,MB027,Ukkusissat,172
2013,MB028,Ukkusissat,209
2013,MD019,Illorsuit,209
2013,MF019,Nuugaatsiaq,270
2013,MF020,Nuugaatsiaq,224
2013,MF020,Uummannaq,286
2013,MF021,Nuugaatsiaq,216
2013,MG019,Nuugaatsiaq,207
2013,MG021,Nuugaatsiaq,207
2013,MG022,Nuugaatsiaq,207
2013,MG023,Nuugaatsiaq,293
2013,MM011,Naajaat,217
2013,MM011,Upernavik Kujalleq,193
2013,MM012,Upernavik Kujalleq,218
2013,MN012,Upernavik Kujalleq,253
2013,MN013,Upernavik Kujalleq,253
2013,MT010,Upernavik,207
2013,MV010,Upernavik,211
2013,MV013,Innaarsuit,141
2013,MX008,Innaarsuit,200
2013,MX009,Innaarsuit,162
2013,MX009,Naajaat,138
2013,MX009,Nuuk,230
2013,MX009,Upernavik,218
2013,MX009,Upernavik Kujalleq,277
2013,MX010,Innaarsuit,195
2013,MX010,Nuuk,271
2013,MX010,Upernavik,253
2013,MZ008,Innaarsuit,137
2013,MZ008,Kangersuatsiaq,221
2013,MZ008,Nuuk,246
2013,MZ008,Upernavik,168
2013,MZ009,Innaarsuit,158
2013,MZ009,Naajaat,207
2013,MZ009,Nuuk,267
2013,MZ009,Upernavik,267
2013,MZ010,Innaarsuit,180
2013,MZ010,Naajaat,228
2013,MZ010,Nuuk,224
2013,MZ010,Upernavik,221
2013,MZ010,Upernavik Kujalleq,267
2013,MZ011,Innaarsuit,218
2013,NA008,Innaarsuit,284
2013,NA008,Nutaarmiut,214
2013,NA008,Upernavik,139
2013,NB007,Upernavik,235
2013,NB008,Innaarsuit,278
2013,NB008,Kullorsuaq,245
2013,NB008,Nutaarmiut,218
2013,NB008,Upernavik,155
2013,NB009,Upernavik,160
2013,ND007,"Ikerasaarsuk, Upernavik",229
2013,ND007,Innaarsuit,214
2013,ND007,Kangersuatsiaq,265
2013,ND007,Kullorsuaq,221
2013,ND007,Nutaarmiut,155
2013,ND007,Upernavik,158
2013,ND008,Kangersuatsiaq,237
2013,ND008,Kullorsuaq,243
2013,ND008,Nutaarmiut,207
2013,ND008,Upernavik,151
2013,ND009,Upernavik,257
2013,NG006,Upernavik,190
2013,NG007,Kullorsuaq,193
2013,NG007,Upernavik,189
2013,NH005,Upernavik,200
2013,NH006,Upernavik,188
2013,NH007,Upernavik,186
2013,NH008,Upernavik,214
2013,NM003,Kullorsuaq,186
2013,NM004,Kullorsuaq,193
2013,NM005,Kullorsuaq,230
2013,NM006,Kullorsuaq,141
2013,NN003,Kullorsuaq,183
2013,NN004,Kullorsuaq,207
2013,NN004,Upernavik,229
2013,NN005,Kullorsuaq,132
2013,NN005,Upernavik,151
2013,NN006,Kullorsuaq,134
2013,NN006,Kulusuk,144
2013,NN006,Naajaat,140
2013,NN006,Upernavik,140
2013,NN007,Kullorsuaq,151
2013,NN007,Upernavik,168
2013,PP390,Qaanaaq,235
2013,PP391,Qaanaaq,225
2013,PR396,Qaanaaq,203
2013,PS394,Qaanaaq,203
2013,PS395,Qaanaaq,182
2013,PS395,Siorapaluk,315
2013,PS396,Qaanaaq,141
2013,PS396,Siorapaluk,175
2013,PS404,Qaanaaq,216
2013,PS404,Qeqertat,217
2013,PS404,Siorapaluk,230
2013,PS405,Qaanaaq,225
2013,PS405,Qeqertat,224
2013,PS405,Siorapaluk,200
2013,PT398,Qaanaaq,294
2013,PT404,Qaanaaq,200
2013,PT404,Qeqertat,200
2013,PT404,Siorapaluk,186
2013,PT405,Qaanaaq,174
2013,PT405,Qeqertat,204
2013,PT405,Siorapaluk,196
2013,PT406,Qaanaaq,181
2013,PT406,Qeqertat,214
2013,PT406,Siorapaluk,203
2014,KE019,Itilleq,215
2014,KH020,Sarfannguit,213
2014,KH021,Sarfannguit,173
2014,KH021,Sisimiut,214
2014,KS018,Attu,210
2014,KT018,Kangaatsiaq,182
2014,KT019,Iginniarfik,203
2014,KT019,"Ikerasaarsuk, Kangaatsiaq",186
2014,KT019,Kangaatsiaq,185
2014,KT020,Iginniarfik,192
2014,KT020,"Ikerasaarsuk, Kangaatsiaq",182
2014,KV019,"Ikerasaarsuk, Kangaatsiaq",185
2014,KV019,Kangaatsiaq,181
2014,KV020,"Ikerasaarsuk, Kangaatsiaq",195
2014,KX020,Kangaatsiaq,237
2014,LA026,Saattut,242
2014,LB022,Akunnaaq,231
2014,LB023,Akunnaaq,221
2014,LB024,Akunnaaq,208
2014,LB025,Ikamiut,213
2014,LB028,Qasigiannguit,195
2014,LD022,Aasiaat,220
2014,LD022,Akunnaaq,220
2014,LD023,Akunnaaq,200
2014,LD026,Qasigiannguit,214
2014,LD027,Qasigiannguit,202
2014,LD028,Qasigiannguit,201
2014,LE027,Ilulissat,250
2014,LE028,Qasigiannguit,234
2014,LF026,Ilimanaq,207
2014,LF028,Ilimanaq,201
2014,LG018,Qeqertarsuaq,192
2014,LG028,Ilulissat,195
2014,LG029,Ilulissat,205
2014,LG030,Ilimanaq,223
2014,LG030,Ilulissat,93
2014,LG030,Nuuk,238
2014,LG030,Qasigiannguit,206
2014,LG031,Ilulissat,129
2014,LH018,Qeqertarsuaq,199
2014,LH019,Qeqertarsuaq,206
2014,LL027,Ikerasak,220
2014,LN024,Qeqertaq,223
2014,LN024,Saqqaq,213
2014,LN025,Qeqertaq,200
2014,LN025,Saqqaq,195
2014,LN026,Ilulissat,192
2014,LN026,Saqqaq,185
2014,LN027,Ilulissat,206
2014,LN027,Qeqertaq,185
2014,LN027,Saattut,199
2014,LN027,Saqqaq,185
2014,LN028,Ilulissat,227
2014,LN028,Qeqertaq,171
2014,LN028,Saattut,195
2014,LN028,Saqqaq,195
2014,LN029,Qeqertaq,170
2014,LP024,Saqqaq,210
2014,LP025,Saqqaq,185
2014,LP026,Saqqaq,200
2014,LP028,Qeqertaq,166
2014,LT026,Ikerasak,206
2014,LT026,Qaarsut,198
2014,LT027,Ikerasak,205
2014,LT028,Ikerasak,198
2014,LT028,Qeqertaq,216
2014,LT028,Uummannaq,216
2014,LV024,Ikerasak,268
2014,LV024,Niaqornat,233
2014,LV024,Qaarsut,202
2014,LV024,Saattut,270
2014,LV024,Uummannaq,198
2014,LV025,Niaqornat,214
2014,LV025,Qaarsut,198
2014,LV025,Qeqertaq,233
2014,LV025,Uummannaq,200
2014,LV026,Ikerasak,205
2014,LV026,Niaqornat,213
2014,LV026,Qaarsut,209
2014,LV026,Saattut,208
2014,LV026,Upernavik,266
2014,LV026,Uummannaq,198
2014,LV027,Ikerasak,180
2014,LV027,Illorsuit,207
2014,LV027,Ilulissat,194
2014,LV027,Uummannaq,213
2014,LV028,Ikerasak,202
2014,LV028,Uummannaq,237
2014,LV029,Ikerasak,264
2014,LV029,Saattut,242
2014,LV029,Uummannaq,237
2014,LX021,Qaarsut,284
2014,LX021,Uummannaq,284
2014,LX022,Qaarsut,224
2014,LX023,Ikerasak,275
2014,LX023,Niaqornat,227
2014,LX023,Qaarsut,202
2014,LX023,Qeqertaq,233
2014,LX023,Saattut,249
2014,LX023,Upernavik Kujalleq,216
2014,LX023,Uummannaq,198
2014,LX024,Ikerasak,198
2014,LX024,Illorsuit,199
2014,LX024,Niaqornat,220
2014,LX024,Qaarsut,200
2014,LX024,Saattut,210
2014,LX024,Ukkusissat,205
2014,LX024,Upernavik,275
2014,LX024,Upernavik Kujalleq,223
2014,LX024,Uummannaq,182
2014,LX025,Ikerasak,219
2014,LX025,Niaqornat,269
2014,LX025,Qaarsut,201
2014,LX025,Saattut,233
2014,LX025,Uummannaq,198
2014,LX026,Ikerasak,276
2014,LX026,Qaarsut,203
2014,LX026,Saattut,185
2014,LX026,Upernavik,248
2014,LX026,Uummannaq,201
2014,LX027,Ikerasak,200
2014,LX027,Qaarsut,272
2014,LX027,Saattut,180
2014,LX027,Uummannaq,198
2014,LX028,Ikerasak,189
2014,LX028,Niaqornat,215
2014,LX028,Saattut,180
2014,LX029,Ikerasak,216
2014,LX029,Saattut,234
2014,LZ020,Qaarsut,261
2014,LZ020,Saattut,188
2014,LZ021,Ikerasak,276
2014,LZ021,Qaarsut,269
2014,LZ022,Qaarsut,227
2014,LZ022,Saattut,284
2014,LZ023,Niaqornat,276
2014,LZ023,Qaarsut,222
2014,LZ023,Saattut,255
2014,LZ023,Uummannaq,205
2014,LZ024,Nuugaatsiaq,230
2014,LZ024,Qaarsut,230
2014,LZ024,Saattut,242
2014,LZ024,Ukkusissat,261
2014,LZ024,Upernavik Kujalleq,222
2014,LZ024,Uummannaq,219
2014,LZ025,Niaqornat,215
2014,LZ025,Nuugaatsiaq,203
2014,LZ025,Saattut,177
2014,LZ026,Nuugaatsiaq,199
2014,LZ026,Qaarsut,241
2014,LZ026,Saattut,171
2014,LZ026,Upernavik Kujalleq,189
2014,LZ026,Uummannaq,182
2014,LZ027,Ikerasak,268
2014,LZ027,Nuugaatsiaq,248
2014,LZ027,Saattut,178
2014,LZ027,Upernavik Kujalleq,185
2014,LZ028,Ikerasak,202
2014,LZ028,Nuugaatsiaq,217
2014,LZ028,Saattut,180
2014,LZ028,Uummannaq,222
2014,LZ029,Saattut,195
2014,MA009,Naajaat,206
2014,MA022,Qaarsut,222
2014,MA022,Uummannaq,282
2014,MA023,Uummannaq,276
2014,MA024,Saattut,254
2014,MA024,Ukkusissat,182
2014,MA025,Ukkusissat,194
2014,MA026,Saattut,178
2014,MA027,Nuugaatsiaq,179
2014,MA027,Saattut,213
2014,MA028,Ukkusissat,258
2014,MB008,Upernavik,227
2014,MB019,Illorsuit,249
2014,MB022,Ukkusissat,284
2014,MB023,Ukkusissat,234
2014,MB024,Ukkusissat,181
2014,MB025,Ukkusissat,166
2014,MB026,Ukkusissat,163
2014,MB027,Ukkusissat,163
2014,MB028,Ukkusissat,255
2014,MD019,Illorsuit,182
2014,MD019,Ukkusissat,283
2014,MD019,Uummannaq,307
2014,MD020,Illorsuit,204
2014,MD020,Ukkusissat,273
2014,MD023,Ukkusissat,266
2014,MD024,Ukkusissat,258
2014,MD025,Ukkusissat,255
2014,ME019,Illorsuit,254
2014,ME020,Illorsuit,215
2014,ME021,Illorsuit,250
2014,MF019,Illorsuit,257
2014,MF019,Nuugaatsiaq,279
2014,MF020,Illorsuit,231
2014,MF020,Nuugaatsiaq,167
2014,MF021,Illorsuit,210
2014,MF021,Nuugaatsiaq,209
2014,MG018,Nuugaatsiaq,298
2014,MG019,Nuugaatsiaq,178
2014,MG020,Nuugaatsiaq,270
2014,MG020,Ukkusissat,298
2014,MG021,Illorsuit,215
2014,MG021,Nuugaatsiaq,167
2014,MG021,Saattut,231
2014,MG021,Ukkusissat,214
2014,MG021,Uummannaq,199
2014,MG022,Illorsuit,251
2014,MG022,Nuugaatsiaq,216
2014,MG022,Qeqertaq,241
2014,MG022,Saattut,236
2014,MG022,Ukkusissat,290
2014,MG022,Uummannaq,196
2014,MH006,Upernavik,223
2014,MM004,Kullorsuaq,241
2014,MM007,Upernavik Kujalleq,192
2014,MM010,Upernavik Kujalleq,174
2014,MM011,Naajaat,206
2014,MM011,Upernavik Kujalleq,182
2014,MM012,Kangersuatsiaq,227
2014,MM012,Naajaat,199
2014,MM012,Upernavik Kujalleq,194
2014,MN003,Kullorsuaq,237
2014,MN012,Upernavik Kujalleq,213
2014,MN013,Upernavik Kujalleq,213
2014,MS007,Upernavik,215
2014,MS008,Upernavik,213
2014,MT007,Upernavik,199
2014,MT008,Upernavik,202
2014,MT009,Upernavik,227
2014,MT010,Upernavik,180
2014,MT015,Kangersuatsiaq,37
2014,MV007,Upernavik,208
2014,MV009,Naajaat,185
2014,MV009,Upernavik,230
2014,MV010,Upernavik,181
2014,MV011,Upernavik,199
2014,MV012,Upernavik,243
2014,MV013,Upernavik,227
2014,MX008,Innaarsuit,217
2014,MX008,Kangersuatsiaq,258
2014,MX009,Innaarsuit,160
2014,MX009,Kangersuatsiaq,215
2014,MX009,Naajaat,161
2014,MX009,Upernavik,209
2014,MX010,Innaarsuit,185
2014,MX011,Naajaat,220
2014,MX011,Upernavik Kujalleq,276
2014,MZ006,Kangersuatsiaq,236
2014,MZ007,Innaarsuit,234
2014,MZ008,Innaarsuit,158
2014,MZ008,Kangersuatsiaq,220
2014,MZ008,Naajaat,175
2014,MZ008,Upernavik,171
2014,MZ008,Upernavik Kujalleq,207
2014,MZ009,Innaarsuit,164
2014,MZ009,Kangersuatsiaq,206
2014,MZ009,Naajaat,159
2014,MZ009,Upernavik,185
2014,MZ009,Upernavik Kujalleq,213
2014,MZ010,Innaarsuit,55
2014,MZ010,Kangersuatsiaq,222
2014,MZ010,Naajaat,166
2014,MZ010,Upernavik,222
2014,MZ010,Upernavik Kujalleq,223
2014,MZ011,Innaarsuit,194
2014,MZ011,Naajaat,217
2014,MZ011,Upernavik,214
2014,MZ011,Upernavik Kujalleq,262
2014,MZ012,Innaarsuit,234
2014,NA004,Upernavik Kujalleq,235
2014,NA005,Upernavik,164
2014,NA008,Innaarsuit,202
2014,NA008,Upernavik,157
2014,NA008,Upernavik Kujalleq,237
2014,NA009,Innaarsuit,229
2014,NA009,Upernavik,241
2014,NB007,Upernavik,165
2014,NB008,Kullorsuaq,203
2014,NB008,Upernavik,165
2014,NB009,Upernavik,238
2014,ND007,"Ikerasaarsuk, Upernavik",180
2014,ND007,Kangersuatsiaq,293
2014,ND007,Nutaarmiut,164
2014,ND007,Upernavik,164
2014,ND007,Upernavik Kujalleq,265
2014,ND008,Innaarsuit,276
2014,ND008,Kangersuatsiaq,224
2014,ND008,Kullorsuaq,199
2014,ND008,Nutaarmiut,263
2014,ND008,Upernavik,168
2014,ND008,Upernavik Kujalleq,270
2014,ND009,Kullorsuaq,227
2014,ND009,Upernavik,189
2014,ND010,Upernavik,276
2014,ND010,Upernavik Kujalleq,276
2014,NG005,Upernavik,271
2014,NG006,Upernavik,243
2014,NG007,Upernavik,242
2014,NH004,Upernavik,223
2014,NH005,Upernavik,230
2014,NH006,Upernavik,223
2014,NH007,Upernavik,236
2014,NM003,Kullorsuaq,143
2014,NM003,Upernavik,171
2014,NM004,Kullorsuaq,173
2014,NM005,Kullorsuaq,276
2014,NM006,Kullorsuaq,262
2014,NM007,Kullorsuaq,272
2014,NM008,Upernavik,212
2014,NN003,Kullorsuaq,192
2014,NN004,Kullorsuaq,195
2014,NN004,Upernavik,210
2014,NN005,Kullorsuaq,157
2014,NN005,Upernavik,199
2014,NN006,Kullorsuaq,164
2014,NN006,Upernavik,174
2014,NN007,Kullorsuaq,157
2014,NZ009,Upernavik Kujalleq,206
2014,PR393,Qaanaaq,276
2014,PR395,Qaanaaq,206
2014,PR396,Qaanaaq,137
2014,PR397,Qaanaaq,234
2014,PR398,Qaanaaq,213
2014,PR406,Qaanaaq,180
2014,PS394,Qaanaaq,227
2014,PS395,Qaanaaq,129
2014,PS395,Qeqertat,164
2014,PS395,Siorapaluk,206
2014,PS396,Qaanaaq,136
2014,PS396,Siorapaluk,188
2014,PS397,Qaanaaq,199
2014,PS405,Qaanaaq,131
2014,PS405,Qeqertat,200
2014,PT398,Qaanaaq,192
2014,PT401,Qaanaaq,199
2014,PT404,Qaanaaq,287
2014,PT404,Qeqertat,236
2014,PT405,Qaanaaq,140
2014,PT405,Qeqertat,188
2014,PT405,Savissivik,278
2014,PT405,Siorapaluk,199
2014,PT406,Qaanaaq,199
2014,PT406,Siorapaluk,220
2015,LB023,Ilulissat,255
2015,LG028,Ilulissat,132
2015,LG029,Ilulissat,197
2015,LG030,Ilulissat,104
2015,LG030,Oqaatsut,134
2015,LG031,Ilulissat,142
2015,LH019,Qeqertarsuaq,198
2015,LJ019,Qeqertarsuaq,198
2015,LN025,Saqqaq,191
2015,LN026,Saqqaq,198
2015,LN027,Qeqertaq,312
2015,LN027,Saqqaq,200
2015,LN028,Qeqertaq,202
2015,LP025,Saqqaq,193
2015,LP027,Qeqertaq,205
2015,LP028,Qeqertaq,188
2015,LT026,Ikerasak,198
2015,LT026,Uummannaq,244
2015,LT027,Ikerasak,156
2015,LT028,Ikerasak,166
2015,LT028,Uummannaq,222
2015,LT029,Ikerasak,323
2015,LV024,Qaarsut,229
2015,LV024,Uummannaq,159
2015,LV025,Niaqornat,169
2015,LV025,Qaarsut,163
2015,LV025,Uummannaq,157
2015,LV026,Ikerasak,163
2015,LV026,Saattut,159
2015,LV026,Uummannaq,162
2015,LV027,Ikerasak,142
2015,LV027,Ilulissat,191
2015,LV027,Qaarsut,184
2015,LV027,Saattut,185
2015,LV027,Saqqaq,193
2015,LV027,Ukkusissat,170
2015,LV027,Uummannaq,156
2015,LV028,Ikerasak,215
2015,LV028,Niaqornat,243
2015,LV028,Qaarsut,166
2015,LV028,Saattut,141
2015,LV028,Uummannaq,207
2015,LV029,Niaqornat,198
2015,LV029,Qaarsut,178
2015,LV029,Uummannaq,160
2015,LX023,Qaarsut,184
2015,LX023,Ukkusissat,234
2015,LX023,Uummannaq,158
2015,LX024,Illorsuit,183
2015,LX024,Niaqornat,172
2015,LX024,Nuugaatsiaq,244
2015,LX024,Qaarsut,156
2015,LX024,Saattut,250
2015,LX024,Ukkusissat,226
2015,LX024,Uummannaq,156
2015,LX025,Qaarsut,165
2015,LX025,Saattut,215
2015,LX025,Uummannaq,172
2015,LX026,Qaarsut,214
2015,LX026,Saattut,156
2015,LX026,Uummannaq,156
2015,LX027,Ikerasak,157
2015,LX027,Ilulissat,209
2015,LX027,Qaarsut,164
2015,LX027,Saattut,141
2015,LX027,Uummannaq,156
2015,LX028,Ikerasak,205
2015,LX028,Qaarsut,169
2015,LX028,Saattut,158
2015,LX028,Uummannaq,206
2015,LX029,Ikerasak,250
2015,LX029,Saattut,185
2015,LZ022,Qaarsut,200
2015,LZ022,Saattut,200
2015,LZ023,Qaarsut,195
2015,LZ024,Uummannaq,211
2015,LZ025,Niaqornat,226
2015,LZ025,Qaarsut,243
2015,LZ025,Saattut,139
2015,LZ026,Niaqornat,214
2015,LZ026,Nuugaatsiaq,135
2015,LZ026,Saattut,135
2015,LZ026,Ukkusissat,159
2015,LZ026,Uummannaq,258
2015,LZ027,Saattut,138
2015,LZ028,Nuugaatsiaq,162
2015,LZ028,Saattut,139
2015,LZ028,Ukkusissat,272
2015,LZ028,Uummannaq,251
2015,LZ029,Saattut,194
2015,MA020,Ukkusissat,212
2015,MA024,Qaarsut,244
2015,MA024,Saattut,242
2015,MA024,Ukkusissat,141
2015,MA024,Uummannaq,191
2015,MA025,Saattut,257
2015,MA025,Ukkusissat,150
2015,MA025,Uummannaq,233
2015,MA026,Saattut,135
2015,MA026,Ukkusissat,197
2015,MA027,Saattut,139
2015,MA027,Ukkusissat,263
2015,MA028,Ukkusissat,256
2015,MB023,Ukkusissat,192
2015,MB024,Ukkusissat,159
2015,MB025,Ukkusissat,138
2015,MB026,Ukkusissat,149
2015,MB026,Uummannaq,267
2015,MB027,Ukkusissat,194
2015,MB028,Ukkusissat,268
2015,MD024,Illorsuit,151
2015,MF019,Nuugaatsiaq,216
2015,MF020,Nuugaatsiaq,156
2015,MF020,Uummannaq,186
2015,MF021,Nuugaatsiaq,167
2015,MG019,Nuugaatsiaq,149
2015,MG019,Ukkusissat,242
2015,MG020,Nuugaatsiaq,149
2015,MG021,Nuugaatsiaq,156
2015,MG022,Nuugaatsiaq,262
2015,MG023,Nuugaatsiaq,223
2015,MM011,Naajaat,163
2015,MM011,Upernavik Kujalleq,156
2015,MM012,Kangersuatsiaq,205
2015,MM012,Naajaat,171
2015,MM012,Upernavik Kujalleq,171
2015,MN006,Kullorsuaq,187
2015,MN006,Upernavik,235
2015,MT010,Upernavik,156
2015,MV008,Innaarsuit,163
2015,MV008,Upernavik,225
2015,MV009,Innaarsuit,225
2015,MV009,Naajaat,249
2015,MV009,Upernavik,204
2015,MV010,Innaarsuit,179
2015,MV010,Upernavik,177
2015,MV011,Upernavik,200
2015,MV012,Upernavik,194
2015,MV013,Upernavik,181
2015,MX008,Innaarsuit,214
2015,MX009,Innaarsuit,171
2015,MX009,Kangersuatsiaq,209
2015,MX009,Kullorsuaq,222
2015,MX009,Naajaat,169
2015,MX009,Nuuk,221
2015,MX009,Upernavik,205
2015,MX009,Upernavik Kujalleq,212
2015,MX010,Innaarsuit,214
2015,MX010,Upernavik,222
2015,MX011,Innaarsuit,221
2015,MZ007,Innaarsuit,191
2015,MZ007,Kullorsuaq,165
2015,MZ008,Ilulissat,170
2015,MZ008,Innaarsuit,135
2015,MZ008,Kangersuatsiaq,211
2015,MZ008,Kullorsuaq,160
2015,MZ008,Naajaat,164
2015,MZ008,Nuuk,213
2015,MZ008,Upernavik,164
2015,MZ008,Upernavik Kujalleq,220
2015,MZ009,Ilulissat,164
2015,MZ009,Innaarsuit,138
2015,MZ009,Kangersuatsiaq,206
2015,MZ009,Kullorsuaq,184
2015,MZ009,Naajaat,163
2015,MZ009,Nuuk,233
2015,MZ009,Upernavik,163
2015,MZ009,Upernavik Kujalleq,139
2015,MZ010,Innaarsuit,137
2015,MZ010,Naajaat,163
2015,MZ010,Upernavik,167
2015,MZ010,Upernavik Kujalleq,222
2015,MZ011,Innaarsuit,220
2015,MZ011,Naajaat,249
2015,MZ011,Upernavik,220
2015,MZ011,Upernavik Kujalleq,225
2015,MZ012,Upernavik,203
2015,NA008,Ilulissat,227
2015,NA008,Innaarsuit,194
2015,NA008,Kullorsuaq,139
2015,NA008,Upernavik,135
2015,NA009,Innaarsuit,140
2015,NA009,Upernavik,186
2015,NB007,Upernavik,142
2015,NB008,Kullorsuaq,215
2015,NB008,Upernavik,156
2015,ND006,Nutaarmiut,297
2015,ND007,"Ikerasaarsuk, Upernavik",170
2015,ND007,Innaarsuit,226
2015,ND007,Kangersuatsiaq,228
2015,ND007,Nutaarmiut,142
2015,ND007,Upernavik,160
2015,ND008,Ilulissat,223
2015,ND008,Innaarsuit,226
2015,ND008,Kangersuatsiaq,226
2015,ND008,Kullorsuaq,166
2015,ND008,Nutaarmiut,142
2015,ND008,Upernavik,138
2015,ND009,Innaarsuit,235
2015,ND009,Nutaarmiut,186
2015,ND009,Upernavik,177
2015,ND010,Upernavik,160
2015,NE010,Innaarsuit,251
2015,NG006,Upernavik,142
2015,NG007,Upernavik,139
2015,NH006,Upernavik,138
2015,NH007,Upernavik,136
2015,NL005,Upernavik,213
2015,NM003,Kullorsuaq,166
2015,NM003,Upernavik,229
2015,NM004,Kullorsuaq,191
2015,NM005,Kullorsuaq,177
2015,NM006,Kullorsuaq,177
2015,NM007,Kullorsuaq,205
2015,NM007,Upernavik,234
2015,NN003,Kullorsuaq,173
2015,NN004,Kullorsuaq,142
2015,NN004,Upernavik,229
2015,NN005,Innaarsuit,255
2015,NN005,Kullorsuaq,135
2015,NN006,Innaarsuit,271
2015,NN006,Kangersuatsiaq,250
2015,NN006,Kullorsuaq,138
2015,NN006,Upernavik,223
2015,NN007,Kullorsuaq,138
2015,NN007,Naajaat,142
2015,NN007,Upernavik,284
2015,PR392,Qaanaaq,251
2015,PR395,Qaanaaq,159
2015,PR396,Qaanaaq,171
2015,PR396,Savissivik,233
2015,PR397,Qaanaaq,159
2015,PR397,Qeqertat,235
2015,PR397,Siorapaluk,229
2015,PR398,Qaanaaq,227
2015,PS392,Qaanaaq,191
2015,PS394,Qaanaaq,138
2015,PS395,Qaanaaq,135
2015,PS395,Qeqertat,135
2015,PS395,Siorapaluk,275
2015,PS396,Qaanaaq,142
2015,PS397,Qaanaaq,174
2015,PS398,Qaanaaq,317
2015,PS405,Qaanaaq,193
2015,PS405,Qeqertat,297
2015,PS405,Siorapaluk,193
2015,PS406,Qaanaaq,177
2015,PS406,Qeqertat,191
2015,PT398,Qaanaaq,199
2015,PT405,Qaanaaq,193
2015,PT405,Qeqertat,180
2015,PT405,Siorapaluk,209
2015,PT406,Qaanaaq,219
2015,PT406,Qeqertat,219
2015,PT406,Siorapaluk,194
2016,KH021,Sarfannguit,188
2016,LA025,Ikamiut,213
2016,LA026,Saattut,179
2016,LB023,Akunnaaq,207
2016,LB023,Ikamiut,217
2016,LB024,Ikamiut,220
2016,LB025,Ikamiut,210
2016,LB025,Qasigiannguit,252
2016,LB026,Ikamiut,239
2016,LB027,Qasigiannguit,226
2016,LB028,Qasigiannguit,210
2016,LD024,Akunnaaq,225
2016,LD024,Qasigiannguit,267
2016,LD025,Akunnaaq,219
2016,LD026,Qasigiannguit,206
2016,LD027,Ikamiut,252
2016,LD027,Qasigiannguit,210
2016,LD028,Ikamiut,211
2016,LD028,Qasigiannguit,198
2016,LE027,Ikamiut,225
2016,LE027,Qasigiannguit,224
2016,LE028,Ikamiut,242
2016,LE028,Qasigiannguit,217
2016,LF026,Ilimanaq,205
2016,LF026,Qasigiannguit,233
2016,LF027,Ikamiut,231
2016,LF027,Qasigiannguit,211
2016,LF028,Ikamiut,247
2016,LF028,Ilimanaq,193
2016,LF028,Ilulissat,211
2016,LF028,Qasigiannguit,205
2016,LG018,Ilulissat,206
2016,LG018,Kangerluk,254
2016,LG018,Qeqertarsuaq,252
2016,LG021,Nuugaatsiaq,205
2016,LG028,Ilulissat,268
2016,LG028,Saqqaq,191
2016,LG029,Ilulissat,86
2016,LG029,Saqqaq,199
2016,LG030,Ilulissat,88
2016,LG030,Oqaatsut,127
2016,LG030,Qaarsut,170
2016,LG030,Qasigiannguit,199
2016,LG030,Saqqaq,185
2016,LG031,Ilulissat,190
2016,LG031,Qasigiannguit,199
2016,LH018,Qeqertarsuaq,205
2016,LH019,Qeqertarsuaq,200
2016,LH020,Qeqertarsuaq,252
2016,LH028,Ilulissat,190
2016,LJ015,Qeqertarsuaq,304
2016,LJ017,Kangerluk,221
2016,LN024,Saqqaq,181
2016,LN025,Saqqaq,182
2016,LN026,Saqqaq,181
2016,LN027,Qeqertaq,228
2016,LN028,Ikerasak,200
2016,LN028,Qeqertaq,183
2016,LN028,Saqqaq,196
2016,LP024,Saqqaq,204
2016,LP025,Saqqaq,189
2016,LP026,Saqqaq,221
2016,LP027,Qeqertaq,218
2016,LS029,Ikerasak,237
2016,LT025,Uummannaq,182
2016,LT026,Ikerasak,212
2016,LT027,Ikerasak,148
2016,LT027,Qeqertaq,287
2016,LT027,Ukkusissat,209
2016,LT027,Uummannaq,212
2016,LT028,Ikerasak,202
2016,LT028,Ukkusissat,267
2016,LT029,Ikerasak,4
2016,LV024,Qeqertaq,267
2016,LV024,Uummannaq,184
2016,LV025,Ikerasak,214
2016,LV025,Niaqornat,223
2016,LV025,Nuugaatsiaq,272
2016,LV025,Qeqertaq,263
2016,LV025,Saqqaq,241
2016,LV025,Uummannaq,182
2016,LV026,Ikerasak,188
2016,LV026,Qaarsut,280
2016,LV026,Uummannaq,182
2016,LV027,Ikerasak,60
2016,LV027,Qaarsut,279
2016,LV027,Qeqertaq,268
2016,LV027,Saattut,185
2016,LV027,Ukkusissat,192
2016,LV027,Upernavik Kujalleq,190
2016,LV027,Uummannaq,238
2016,LV028,Ikerasak,181
2016,LV028,Ukkusissat,226
2016,LV028,Upernavik,227
2016,LV028,Upernavik Kujalleq,184
2016,LV028,Uummannaq,223
2016,LV029,Ikerasak,179
2016,LV029,Niaqornat,240
2016,LX022,Qaarsut,182
2016,LX023,Nuugaatsiaq,267
2016,LX023,Qaarsut,182
2016,LX023,Uummannaq,188
2016,LX024,Aasiaat,238
2016,LX024,Ikerasak,231
2016,LX024,Illorsuit,195
2016,LX024,Niaqornat,170
2016,LX024,Nuugaatsiaq,269
2016,LX024,Qaarsut,178
2016,LX024,Qeqertaq,179
2016,LX024,Saattut,179
2016,LX024,Uummannaq,169
2016,LX025,Ikerasak,265
2016,LX025,Nuugaatsiaq,277
2016,LX025,Qaarsut,206
2016,LX025,Saattut,193
2016,LX025,Uummannaq,179
2016,LX026,Ikerasak,202
2016,LX026,Illorsuit,266
2016,LX026,Ilulissat,170
2016,LX026,Niaqornat,267
2016,LX026,Qaarsut,178
2016,LX026,Saattut,164
2016,LX026,Saqqaq,251
2016,LX026,Uummannaq,179
2016,LX027,Ikerasak,160
2016,LX027,Qaarsut,170
2016,LX027,Saattut,161
2016,LX027,Uummannaq,171
2016,LX028,Ikerasak,184
2016,LX028,Niaqornat,194
2016,LX028,Saattut,268
2016,LX028,Uummannaq,268
2016,LX029,Ikerasak,218
2016,LX029,Saattut,178
2016,LZ018,Uummannaq,261
2016,LZ020,Qaarsut,257
2016,LZ020,Qeqertaq,257
2016,LZ021,Qaarsut,241
2016,LZ022,Qaarsut,189
2016,LZ022,Saattut,286
2016,LZ022,Uummannaq,192
2016,LZ023,Qaarsut,191
2016,LZ023,Uummannaq,196
2016,LZ024,Qaarsut,198
2016,LZ024,Saattut,193
2016,LZ024,Uummannaq,190
2016,LZ025,Illorsuit,213
2016,LZ025,Saattut,149
2016,LZ025,Uummannaq,240
2016,LZ026,Ilulissat,154
2016,LZ026,Qaarsut,163
2016,LZ026,Saattut,148
2016,LZ026,Uummannaq,202
2016,LZ027,Saattut,148
2016,LZ028,Qaarsut,179
2016,LZ028,Saattut,171
2016,LZ028,Uummannaq,280
2016,LZ029,Saattut,210
2016,MA022,Qaarsut,217
2016,MA023,Uummannaq,265
2016,MA024,Ukkusissat,160
2016,MA025,Saattut,219
2016,MA025,Ukkusissat,158
2016,MA026,Saattut,148
2016,MA026,Ukkusissat,163
2016,MA026,Uummannaq,165
2016,MA027,Saattut,168
2016,MA027,Ukkusissat,191
2016,MA028,Saattut,254
2016,MB005,Ukkusissat,162
2016,MB007,Upernavik,214
2016,MB008,Upernavik,184
2016,MB022,Illorsuit,280
2016,MB023,Ukkusissat,233
2016,MB024,Nuugaatsiaq,247
2016,MB024,Ukkusissat,150
2016,MB024,Uummannaq,267
2016,MB025,Nuugaatsiaq,287
2016,MB025,Ukkusissat,156
2016,MB025,Uummannaq,179
2016,MB026,Saattut,234
2016,MB026,Ukkusissat,161
2016,MB026,Uummannaq,169
2016,MB027,Ukkusissat,172
2016,MB028,Nuugaatsiaq,282
2016,MB028,Ukkusissat,202
2016,MD008,Upernavik,224
2016,MD019,Illorsuit,8
2016,MD020,Illorsuit,224
2016,MD021,Ukkusissat,294
2016,MD022,Illorsuit,280
2016,MD022,Ukkusissat,197
2016,ME020,Illorsuit,228
2016,ME021,Illorsuit,245
2016,MF019,Illorsuit,193
2016,MF019,Nuugaatsiaq,241
2016,MF020,Illorsuit,163
2016,MF020,Nuugaatsiaq,163
2016,MF021,Illorsuit,290
2016,MF021,Nuugaatsiaq,161
2016,MG019,Illorsuit,217
2016,MG019,Nuugaatsiaq,290
2016,MG020,Nuugaatsiaq,233
2016,MG021,Illorsuit,165
2016,MG021,Nuugaatsiaq,161
2016,MG022,Illorsuit,23
2016,MG022,Nuugaatsiaq,210
2016,MG022,Qeqertaq,220
2016,MG022,Uummannaq,274
2016,MG023,Illorsuit,268
2016,MG023,Nuugaatsiaq,257
2016,MG023,Qeqertaq,232
2016,MH026,Nuugaatsiaq,220
2016,MM011,Kangersuatsiaq,175
2016,MM011,Upernavik,161
2016,MM011,Upernavik Kujalleq,161
2016,MN003,Kullorsuaq,192
2016,MN007,Upernavik,210
2016,MP008,Upernavik,228
2016,MT007,Upernavik,207
2016,MT008,Upernavik,210
2016,MT008,Upernavik Kujalleq,220
2016,MT009,Kangersuatsiaq,352
2016,MT010,Upernavik,161
2016,MT011,Upernavik,210
2016,MV010,Upernavik,163
2016,MV011,Upernavik,163
2016,MV012,Upernavik,185
2016,MV013,Upernavik,197
2016,MX008,Innaarsuit,168
2016,MX009,Innaarsuit,167
2016,MX009,Naajaat,192
2016,MX009,Upernavik,140
2016,MX010,Innaarsuit,167
2016,MX011,Innaarsuit,189
2016,MZ007,Innaarsuit,133
2016,MZ008,Innaarsuit,128
2016,MZ008,Naajaat,136
2016,MZ008,Nutaarmiut,238
2016,MZ008,Upernavik,129
2016,MZ009,Innaarsuit,138
2016,MZ009,Naajaat,130
2016,MZ009,Upernavik,134
2016,MZ010,Innaarsuit,129
2016,MZ010,Naajaat,134
2016,MZ010,Upernavik,169
2016,MZ011,Innaarsuit,169
2016,MZ011,Naajaat,191
2016,MZ012,Innaarsuit,249
2016,NA005,Upernavik,179
2016,NA008,Nutaarmiut,161
2016,NA008,Upernavik,126
2016,NA009,Innaarsuit,179
2016,NA009,Upernavik,168
2016,NA010,Upernavik,182
2016,NB007,Nutaarmiut,242
2016,NB007,Upernavik,203
2016,NB008,Innaarsuit,193
2016,NB008,Kullorsuaq,268
2016,NB008,Nutaarmiut,239
2016,NB008,Saattut,197
2016,NB008,Upernavik,165
2016,NB009,Kullorsuaq,212
2016,NB009,Upernavik,168
2016,ND006,Nutaarmiut,288
2016,ND006,Upernavik,288
2016,ND007,Innaarsuit,203
2016,ND007,Kangersuatsiaq,260
2016,ND007,Kullorsuaq,211
2016,ND007,Naajaat,225
2016,ND007,Nutaarmiut,133
2016,ND007,Saattut,140
2016,ND007,Upernavik,142
2016,ND007,Uummannaq,266
2016,ND008,"Ikerasaarsuk, Upernavik",140
2016,ND008,Innaarsuit,247
2016,ND008,Nutaarmiut,135
2016,ND008,Upernavik,135
2016,ND009,Innaarsuit,169
2016,ND009,Kullorsuaq,214
2016,ND009,Saattut,186
2016,ND009,Upernavik,193
2016,ND010,Upernavik,175
2016,NG004,Upernavik,210
2016,NG007,Innaarsuit,203
2016,NG007,Kangersuatsiaq,177
2016,NG007,Kullorsuaq,189
2016,NG007,Upernavik,175
2016,NG009,Upernavik,200
2016,NH004,Kangersuatsiaq,231
2016,NH004,Kullorsuaq,224
2016,NH004,Upernavik,169
2016,NH004,Uummannaq,234
2016,NH005,Kangersuatsiaq,234
2016,NH005,Upernavik,231
2016,NH005,Uummannaq,234
2016,NM003,Kullorsuaq,140
2016,NM004,Innaarsuit,274
2016,NM004,Kullorsuaq,270
2016,NM004,Upernavik,268
2016,NM005,Kullorsuaq,156
2016,NM006,Kullorsuaq,242
2016,NM007,Kullorsuaq,269
2016,NN003,Innaarsuit,245
2016,NN003,Kullorsuaq,126
2016,NN003,Upernavik,249
2016,NN004,Innaarsuit,249
2016,NN004,Kullorsuaq,126
2016,NN004,Upernavik,242
2016,NN005,Kangersuatsiaq,270
2016,NN005,Kullorsuaq,127
2016,NN005,Naajaat,130
2016,NN005,Upernavik,248
2016,NN006,Innaarsuit,204
2016,NN006,Kangersuatsiaq,261
2016,NN006,Kullorsuaq,126
2016,NN006,Naajaat,137
2016,NN006,Upernavik,247
2016,NN007,Innaarsuit,206
2016,NN007,Kullorsuaq,126
2016,NN007,Upernavik,249
2016,PR394,Qaanaaq,199
2016,PR395,Qaanaaq,175
2016,PR396,Qaanaaq,185
2016,PR397,Qaanaaq,190
2016,PR398,Qaanaaq,214
2016,PS392,Qaanaaq,220
2016,PS394,Qaanaaq,175
2016,PS395,Qaanaaq,157
2016,PS395,Qeqertat,296
2016,PS395,Siorapaluk,233
2016,PS396,Qaanaaq,122
2016,PS396,Qeqertat,301
2016,PS397,Qaanaaq,193
2016,PS398,Qaanaaq,221
2016,PS398,Qeqertat,315
2016,PS406,Qaanaaq,242
2016,PT398,Qaanaaq,196
2016,PT398,Qeqertat,319
2016,PT404,Qeqertat,212
2016,PT405,Qaanaaq,196
2016,PT405,Qeqertat,191
2016,PT405,Siorapaluk,262
2016,PT406,Qaanaaq,207
2016,PT406,Qeqertat,207
2016,PT406,Siorapaluk,254
2016,PT407,Qeqertat,241
2017,JV019,Kangaamiut,16
2017,KE019,Itilleq,220
2017,KH021,Sarfannguit,168
2017,KS018,Attu,224
2017,KS019,Attu,230
2017,LA025,Ikamiut,211
2017,LB018,Qasigiannguit,212
2017,LB022,Ikamiut,229
2017,LB023,Akunnaaq,224
2017,LB024,Akunnaaq,280
2017,LB024,Ikamiut,213
2017,LB025,Aasiaat,267
2017,LB025,Akunnaaq,223
2017,LB025,Ikamiut,216
2017,LB027,Qasigiannguit,204
2017,LB028,Ikamiut,220
2017,LB028,Qasigiannguit,203
2017,LD020,Qasigiannguit,230
2017,LD027,Qasigiannguit,199
2017,LD028,Qasigiannguit,199
2017,LD029,Qasigiannguit,257
2017,LE028,Qasigiannguit,234
2017,LF027,Qasigiannguit,275
2017,LF028,Qasigiannguit,224
2017,LG018,Qeqertarsuaq,227
2017,LG019,Qeqertarsuaq,230
2017,LG024,Ilulissat,209
2017,LG028,Ilulissat,18
2017,LG029,Ilulissat,189
2017,LG030,Ilulissat,115
2017,LG030,Qeqertaq,176
2017,LG031,Ilulissat,162
2017,LG031,Qeqertaq,178
2017,LG031,Saqqaq,180
2017,LH018,Qeqertarsuaq,254
2017,LH019,Qeqertarsuaq,230
2017,LH028,Ilulissat,167
2017,LH029,Ilulissat,156
2017,LN025,Saqqaq,204
2017,LN027,Qeqertaq,252
2017,LN027,Saqqaq,255
2017,LN028,Ilulissat,198
2017,LN028,Qeqertaq,178
2017,LN028,Saqqaq,198
2017,LN029,Qeqertaq,218
2017,LN029,Saqqaq,206
2017,LP024,Saqqaq,203
2017,LP027,Qeqertaq,204
2017,LP028,Ilulissat,223
2017,LP028,Qaarsut,226
2017,LP028,Qeqertaq,202
2017,LP028,Saqqaq,225
2017,LP029,Qeqertaq,257
2017,LS019,Uummannaq,261
2017,LS028,Qasigiannguit,239
2017,LS029,Ikerasak,212
2017,LT026,Ikerasak,211
2017,LT027,Ikerasak,16
2017,LT027,Qeqertaq,220
2017,LT027,Uummannaq,279
2017,LT028,Ikerasak,176
2017,LT028,Illorsuit,180
2017,LT028,Nuuk,181
2017,LT028,Qeqertaq,220
2017,LT029,Ikerasak,201
2017,LT029,Illorsuit,201
2017,LT029,Uummannaq,212
2017,LV023,Uummannaq,293
2017,LV024,Uummannaq,191
2017,LV025,Ikerasak,262
2017,LV025,Ilulissat,198
2017,LV025,Niaqornat,211
2017,LV025,Qaarsut,211
2017,LV025,Uummannaq,192
2017,LV026,Ikerasak,183
2017,LV026,Uummannaq,196
2017,LV027,Ikerasak,174
2017,LV027,Nuuk,188
2017,LV027,Qeqertaq,219
2017,LV027,Saattut,201
2017,LV027,Saqqaq,216
2017,LV028,Ikerasak,184
2017,LV028,Qeqertaq,234
2017,LV028,Saattut,205
2017,LV028,Uummannaq,216
2017,LV029,Ikerasak,204
2017,LV029,Saattut,205
2017,LV029,Uummannaq,196
2017,LX021,Qaarsut,290
2017,LX022,Qaarsut,215
2017,LX022,Uummannaq,206
2017,LX023,Qaarsut,195
2017,LX023,Qeqertaq,247
2017,LX023,Upernavik Kujalleq,242
2017,LX023,Uummannaq,194
2017,LX024,Illorsuit,194
2017,LX024,Ilulissat,217
2017,LX024,Niaqornat,197
2017,LX024,Nuuk,224
2017,LX024,Qaarsut,192
2017,LX024,Qasigiannguit,248
2017,LX024,Qeqertaq,224
2017,LX024,Saattut,199
2017,LX024,Saqqaq,250
2017,LX024,Ukkusissat,201
2017,LX024,Uummannaq,184
2017,LX025,Qaarsut,234
2017,LX025,Qeqertaq,258
2017,LX025,Saattut,226
2017,LX025,Uummannaq,198
2017,LX026,Ikerasak,194
2017,LX026,Illorsuit,196
2017,LX026,Qaarsut,198
2017,LX026,Qeqertaq,225
2017,LX026,Saattut,195
2017,LX026,Uummannaq,195
2017,LX027,Ikerasak,194
2017,LX027,Qaarsut,215
2017,LX027,Qeqertaq,199
2017,LX027,Saattut,184
2017,LX027,Saqqaq,215
2017,LX027,Uummannaq,195
2017,LX028,Ikerasak,178
2017,LX028,Saattut,218
2017,LX028,Uummannaq,218
2017,LX029,Ikerasak,197
2017,LX029,Saattut,227
2017,LX029,Uummannaq,198
2017,LZ017,Qeqertaq,283
2017,LZ018,Niaqornat,237
2017,LZ018,Qaarsut,268
2017,LZ018,Uummannaq,230
2017,LZ019,Saattut,262
2017,LZ019,Uummannaq,254
2017,LZ020,Qaarsut,254
2017,LZ020,Uummannaq,250
2017,LZ021,Ikerasak,278
2017,LZ021,Qaarsut,259
2017,LZ021,Qasigiannguit,255
2017,LZ021,Saattut,259
2017,LZ021,Uummannaq,252
2017,LZ022,Ikerasak,290
2017,LZ022,Qaarsut,234
2017,LZ022,Saattut,255
2017,LZ022,Uummannaq,257
2017,LZ023,Qaarsut,230
2017,LZ023,Qasigiannguit,251
2017,LZ023,Saattut,254
2017,LZ023,Saqqaq,273
2017,LZ023,Uummannaq,192
2017,LZ024,Niaqornat,225
2017,LZ024,Qaarsut,236
2017,LZ024,Qeqertaq,275
2017,LZ024,Saattut,187
2017,LZ024,Saqqaq,254
2017,LZ024,Uummannaq,209
2017,LZ025,Niaqornat,230
2017,LZ025,Saattut,184
2017,LZ025,Uummannaq,183
2017,LZ026,Qaarsut,194
2017,LZ026,Qeqertaq,250
2017,LZ026,Saattut,177
2017,LZ026,Uummannaq,232
2017,LZ027,Qaarsut,237
2017,LZ027,Qeqertaq,282
2017,LZ027,Saattut,184
2017,LZ027,Uummannaq,209
2017,LZ028,Qasigiannguit,199
2017,LZ028,Saattut,197
2017,LZ028,Uummannaq,198
2017,LZ029,Qasigiannguit,211
2017,LZ029,Saattut,281
2017,MA021,Qaarsut,284
2017,MA022,Uummannaq,281
2017,MA023,Qaarsut,288
2017,MA023,Saattut,245
2017,MA023,Uummannaq,271
2017,MA024,Saattut,201
2017,MA024,Saqqaq,248
2017,MA024,Ukkusissat,195
2017,MA025,Ukkusissat,194
2017,MA026,Saattut,183
2017,MA026,Ukkusissat,198
2017,MA026,Uummannaq,195
2017,MA027,Qeqertaq,195
2017,MA027,Saattut,185
2017,MA027,Ukkusissat,212
2017,MA028,Ukkusissat,224
2017,MB023,Ukkusissat,294
2017,MB024,Saattut,202
2017,MB024,Ukkusissat,183
2017,MB025,Saattut,245
2017,MB025,Ukkusissat,184
2017,MB026,Qasigiannguit,242
2017,MB026,Ukkusissat,194
2017,MB027,Qasigiannguit,254
2017,MB027,Ukkusissat,226
2017,MB028,Ukkusissat,225
2017,MD015,Uummannaq,283
2017,MD020,Illorsuit,7
2017,MD020,Saqqaq,294
2017,MD022,Ukkusissat,8
2017,MD023,Ukkusissat,251
2017,MD024,Ukkusissat,268
2017,MD025,Ukkusissat,252
2017,ME020,Saqqaq,289
2017,MG022,Uummannaq,279
2017,MG023,Uummannaq,255
2017,MM011,Kangersuatsiaq,178
2017,MM011,Upernavik Kujalleq,161
2017,MM012,Kangersuatsiaq,196
2017,MM012,Upernavik Kujalleq,170
2017,MN003,Kullorsuaq,232
2017,MT007,Kangersuatsiaq,209
2017,MT007,Naajaat,232
2017,MT007,Upernavik,199
2017,MT008,Kangersuatsiaq,227
2017,MT008,Upernavik,205
2017,MT010,Kangersuatsiaq,177
2017,MT010,Upernavik,186
2017,MT011,Kangersuatsiaq,217
2017,MV008,Upernavik,237
2017,MV010,Naajaat,190
2017,MV010,Upernavik,181
2017,MV011,Kangersuatsiaq,209
2017,MV011,Upernavik,199
2017,MV012,Upernavik,228
2017,MV013,Upernavik,211
2017,MX008,Innaarsuit,180
2017,MX009,Innaarsuit,176
2017,MX009,Naajaat,210
2017,MX009,Upernavik,176
2017,MX010,Innaarsuit,187
2017,MZ008,Innaarsuit,156
2017,MZ008,Kangersuatsiaq,170
2017,MZ008,Naajaat,170
2017,MZ008,Upernavik,206
2017,MZ009,Innaarsuit,163
2017,MZ009,Kangersuatsiaq,189
2017,MZ009,Naajaat,162
2017,MZ009,Upernavik,174
2017,MZ010,Innaarsuit,163
2017,MZ010,Naajaat,171
2017,MZ011,Innaarsuit,193
2017,NA007,Upernavik,265
2017,NA008,Innaarsuit,223
2017,NA008,Upernavik,160
2017,NA009,Innaarsuit,170
2017,NA009,Upernavik,279
2017,NB007,Upernavik,238
2017,NB008,Innaarsuit,233
2017,NB008,Upernavik,169
2017,NB009,Upernavik,208
2017,ND007,Innaarsuit,213
2017,ND007,Kangersuatsiaq,252
2017,ND007,Nutaarmiut,169
2017,ND007,Upernavik,185
2017,ND008,Innaarsuit,202
2017,ND008,Nutaarmiut,195
2017,ND008,Upernavik,171
2017,ND009,Nutaarmiut,184
2017,ND009,Upernavik,184
2017,ND010,Innaarsuit,232
2017,NG007,Kullorsuaq,181
2017,NG007,Upernavik,184
2017,NH004,Kangersuatsiaq,238
2017,NH004,Upernavik,238
2017,NH005,Upernavik,261
2017,NM003,Kangersuatsiaq,237
2017,NM003,Kullorsuaq,156
2017,NM004,Kullorsuaq,181
2017,NM005,Kullorsuaq,190
2017,NM006,Kangersuatsiaq,171
2017,NM006,Kullorsuaq,193
2017,NM006,Upernavik,266
2017,NN003,Kangersuatsiaq,181
2017,NN003,Kullorsuaq,149
2017,NN003,Naajaat,167
2017,NN003,Upernavik,227
2017,NN004,Innaarsuit,232
2017,NN004,Kullorsuaq,149
2017,NN004,Naajaat,175
2017,NN004,Upernavik,200
2017,NN005,Kullorsuaq,155
2017,NN005,Upernavik,251
2017,NN006,Kullorsuaq,156
2017,NN006,Upernavik,216
2017,NN007,Kullorsuaq,162
2017,NP003,Kullorsuaq,253
2017,NP004,Kullorsuaq,256
2017,PR395,Qaanaaq,133
2017,PR396,Qaanaaq,174
2017,PR397,Qaanaaq,184
2017,PR398,Qaanaaq,262
2017,PR406,Qaanaaq,239
2017,PR406,Qeqertat,239
2017,PR406,Siorapaluk,261
2017,PS393,Qaanaaq,177
2017,PS394,Qaanaaq,135
2017,PS395,Qaanaaq,112
2017,PS395,Savissivik,197
2017,PS395,Siorapaluk,169
2017,PS396,Qaanaaq,135
2017,PS396,Siorapaluk,177
2017,PS397,Qaanaaq,177
2017,PS404,Qeqertat,234
2017,PS405,Qaanaaq,227
2017,PS405,Qeqertat,178
2017,PS406,Qaanaaq,223
2017,PS406,Siorapaluk,246
2017,PT404,Siorapaluk,234
2017,PT405,Innaarsuit,219
2017,PT405,Qaanaaq,174
2017,PT405,Qeqertat,139
2017,PT405,Siorapaluk,191
2017,PT406,Qaanaaq,174
2017,PT406,Qeqertat,162
2017,PT406,Siorapaluk,204
2017,PT407,Innaarsuit,226
2017,PT407,Qaanaaq,254
2017,PT407,Qeqertat,239
2017,PT408,Qaanaaq,245
2017,PT408,Qeqertat,251
2018,KH021,Sarfannguit,223
2018,KS018,Attu,225
2018,LD027,Qasigiannguit,188
2018,LD028,Qasigiannguit,194
2018,LE026,Ikamiut,197
2018,LE027,Qasigiannguit,183
2018,LE028,Qasigiannguit,211
2018,LF028,Qasigiannguit,212
2018,LG018,Qeqertarsuaq,201
2018,LG019,Qeqertarsuaq,229
2018,LG028,Ilulissat,172
2018,LG030,Ilulissat,110
2018,LG030,Qeqertarsuaq,232
2018,LG031,Ilulissat,111
2018,LN026,Qeqertaq,240
2018,LN027,Qaarsut,202
2018,LN027,Qeqertaq,175
2018,LN027,Saqqaq,211
2018,LN028,Qeqertaq,172
2018,LN028,Saqqaq,179
2018,LN028,Uummannaq,180
2018,LN029,Qeqertaq,235
2018,LN030,Saqqaq,210
2018,LN030,Uummannaq,210
2018,LP024,Saqqaq,202
2018,LP027,Qeqertaq,224
2018,LP028,Qeqertaq,172
2018,LP029,Uummannaq,230
2018,LP030,Uummannaq,202
2018,LT026,Ikerasak,189
2018,LT026,Uummannaq,243
2018,LT027,Ikerasak,160
2018,LT027,Ilulissat,203
2018,LT027,Nuuk,170
2018,LT027,Qeqertaq,225
2018,LT027,Saqqaq,196
2018,LT027,Uummannaq,176
2018,LT028,Ikerasak,149
2018,LT028,Ilulissat,212
2018,LT028,Qeqertaq,215
2018,LT028,Saqqaq,191
2018,LT028,Uummannaq,274
2018,LT029,Ikerasak,154
2018,LT029,Ilulissat,204
2018,LT030,Ikerasak,218
2018,LV023,Qaarsut,196
2018,LV024,Niaqornat,175
2018,LV024,Saqqaq,175
2018,LV024,Uummannaq,156
2018,LV025,Ikerasak,184
2018,LV025,Ilulissat,226
2018,LV025,Niaqornat,173
2018,LV025,Qaarsut,251
2018,LV025,Qeqertaq,223
2018,LV025,Ukkusissat,179
2018,LV025,Uummannaq,165
2018,LV026,Ikerasak,156
2018,LV026,Saqqaq,228
2018,LV026,Uummannaq,167
2018,LV027,Ikerasak,154
2018,LV027,Ilulissat,247
2018,LV027,Nuuk,173
2018,LV027,Qaarsut,168
2018,LV027,Ukkusissat,180
2018,LV027,Uummannaq,267
2018,LV028,Ikerasak,169
2018,LV028,Saattut,184
2018,LV028,Uummannaq,213
2018,LV029,Ikerasak,163
2018,LV029,Niaqornat,180
2018,LX021,Qaarsut,227
2018,LX022,Qaarsut,176
2018,LX023,Niaqornat,191
2018,LX023,Qaarsut,169
2018,LX023,Qeqertaq,221
2018,LX023,Saattut,237
2018,LX023,Uummannaq,156
2018,LX024,Ikerasak,194
2018,LX024,Ilulissat,177
2018,LX024,Niaqornat,154
2018,LX024,Qaarsut,167
2018,LX024,Qeqertaq,214
2018,LX024,Saattut,170
2018,LX024,Saqqaq,240
2018,LX024,Ukkusissat,176
2018,LX024,Uummannaq,151
2018,LX025,Ikerasak,214
2018,LX025,Niaqornat,183
2018,LX025,Qaarsut,219
2018,LX025,Qeqertaq,247
2018,LX025,Saattut,166
2018,LX025,Uummannaq,166
2018,LX026,Ikerasak,180
2018,LX026,Ilulissat,183
2018,LX026,Qaarsut,172
2018,LX026,Saattut,156
2018,LX026,Uummannaq,165
2018,LX027,Ikerasak,156
2018,LX027,Saattut,163
2018,LX027,Ukkusissat,218
2018,LX027,Uummannaq,180
2018,LX028,Ikerasak,168
2018,LX028,Ilulissat,180
2018,LX028,Saattut,275
2018,LX028,Saqqaq,186
2018,LX028,Uummannaq,218
2018,LX029,Ikerasak,163
2018,LX029,Saattut,186
2018,LX029,Saqqaq,201
2018,LX029,Uummannaq,204
2018,LZ018,Niaqornat,225
2018,LZ018,Saattut,245
2018,LZ018,Uummannaq,230
2018,LZ019,Uummannaq,238
2018,LZ020,Qaarsut,212
2018,LZ020,Qeqertaq,230
2018,LZ020,Saattut,240
2018,LZ020,Uummannaq,219
2018,LZ021,Ikerasak,233
2018,LZ021,Qaarsut,176
2018,LZ021,Qeqertaq,239
2018,LZ021,Saattut,214
2018,LZ021,Uummannaq,210
2018,LZ022,Ikerasak,228
2018,LZ022,Qaarsut,170
2018,LZ022,Qasigiannguit,198
2018,LZ022,Qeqertaq,251
2018,LZ022,Saattut,197
2018,LZ022,Saqqaq,209
2018,LZ022,Ukkusissat,223
2018,LZ022,Uummannaq,195
2018,LZ023,Qaarsut,167
2018,LZ023,Qasigiannguit,212
2018,LZ023,Qeqertaq,217
2018,LZ023,Saattut,202
2018,LZ023,Uummannaq,191
2018,LZ024,Ikerasak,240
2018,LZ024,Niaqornat,169
2018,LZ024,Qaarsut,186
2018,LZ024,Qasigiannguit,199
2018,LZ024,Qeqertaq,208
2018,LZ024,Saattut,156
2018,LZ024,Saqqaq,219
2018,LZ024,Ukkusissat,188
2018,LZ024,Uummannaq,163
2018,LZ025,Qaarsut,241
2018,LZ025,Qeqertaq,205
2018,LZ025,Saattut,148
2018,LZ025,Ukkusissat,233
2018,LZ025,Uummannaq,172
2018,LZ026,Qeqertarsuaq,258
2018,LZ026,Saattut,148
2018,LZ026,Saqqaq,231
2018,LZ026,Ukkusissat,237
2018,LZ026,Uummannaq,160
2018,LZ027,Qasigiannguit,183
2018,LZ027,Saattut,154
2018,LZ027,Uummannaq,172
2018,LZ028,Ikerasak,253
2018,LZ028,Saattut,166
2018,LZ029,Ilulissat,197
2018,LZ029,Niaqornat,218
2018,LZ029,Saattut,156
2018,LZ029,Uummannaq,181
2018,MA018,Upernavik,243
2018,MA020,Qaarsut,254
2018,MA021,Qaarsut,209
2018,MA023,Saattut,197
2018,MA023,Saqqaq,247
2018,MA023,Uummannaq,200
2018,MA024,Saattut,184
2018,MA024,Ukkusissat,128
2018,MA024,Uummannaq,173
2018,MA025,Saattut,186
2018,MA025,Ukkusissat,162
2018,MA026,Saattut,154
2018,MA026,Ukkusissat,170
2018,MA027,Saattut,161
2018,MA028,Ukkusissat,221
2018,MB015,Uummannaq,198
2018,MB023,Saattut,240
2018,MB023,Ukkusissat,175
2018,MB024,Saattut,245
2018,MB024,Ukkusissat,148
2018,MB024,Uummannaq,177
2018,MB025,Qaarsut,160
2018,MB025,Saattut,267
2018,MB025,Ukkusissat,133
2018,MB025,Uummannaq,174
2018,MB026,Ukkusissat,159
2018,MB027,Ukkusissat,222
2018,MB028,Ukkusissat,247
2018,MB028,Uummannaq,274
2018,MD019,Uummannaq,232
2018,MD023,Ukkusissat,197
2018,MD024,Saattut,270
2018,MD024,Ukkusissat,217
2018,MG021,Qasigiannguit,238
2018,MG021,Uummannaq,237
2018,MG022,Saattut,252
2018,MG022,Uummannaq,232
2018,MM008,Kullorsuaq,191
2018,MM011,Kangersuatsiaq,201
2018,MM011,Naajaat,173
2018,MM011,Upernavik,170
2018,MM011,Upernavik Kujalleq,166
2018,MM012,Upernavik Kujalleq,195
2018,MP009,Kullorsuaq,201
2018,MR008,Upernavik,201
2018,MT007,Upernavik,173
2018,MT008,Upernavik,173
2018,MT009,Upernavik,196
2018,MT010,Innaarsuit,200
2018,MT010,Naajaat,203
2018,MT010,Nuuk,239
2018,MT010,Upernavik,163
2018,MV009,Upernavik,194
2018,MV010,Upernavik,154
2018,MV010,Upernavik Kujalleq,174
2018,MV011,Upernavik,184
2018,MV012,Upernavik,170
2018,MX008,Innaarsuit,136
2018,MX008,Upernavik,224
2018,MX009,Innaarsuit,140
2018,MX009,Kangersuatsiaq,192
2018,MX009,Naajaat,159
2018,MX009,Nuuk,177
2018,MX009,Upernavik,173
2018,MX010,Innaarsuit,183
2018,MX010,Upernavik,226
2018,MX011,Innaarsuit,229
2018,MZ007,Kullorsuaq,225
2018,MZ008,Innaarsuit,134
2018,MZ008,Kangersuatsiaq,175
2018,MZ008,Kullorsuaq,208
2018,MZ008,Naajaat,166
2018,MZ008,Sisimiut,194
2018,MZ008,Ukkusissat,159
2018,MZ009,Innaarsuit,135
2018,MZ009,Kangersuatsiaq,237
2018,MZ009,Kullorsuaq,219
2018,MZ009,Naajaat,138
2018,MZ009,Nuuk,184
2018,MZ009,Ukkusissat,137
2018,MZ009,Upernavik,168
2018,MZ010,Innaarsuit,140
2018,MZ010,Kangersuatsiaq,259
2018,MZ010,Naajaat,160
2018,MZ010,Sisimiut,224
2018,MZ010,Upernavik,207
2018,MZ011,Innaarsuit,193
2018,MZ011,Naajaat,207
2018,MZ011,Nuuk,192
2018,MZ012,Nuuk,212
2018,NA008,Innaarsuit,257
2018,NA008,Upernavik,134
2018,NA009,Innaarsuit,193
2018,NB007,Innaarsuit,236
2018,NB007,Nuuk,216
2018,NB007,Upernavik,175
2018,NB008,Innaarsuit,140
2018,NB008,Nuuk,236
2018,NB008,Upernavik,140
2018,NB009,Innaarsuit,252
2018,NB009,Nuuk,212
2018,NB009,Upernavik,170
2018,ND007,Kangersuatsiaq,189
2018,ND007,Nutaarmiut,133
2018,ND007,Upernavik,135
2018,ND008,Kangersuatsiaq,198
2018,ND008,Nutaarmiut,139
2018,ND008,Nuuk,140
2018,ND008,Upernavik,140
2018,ND009,Kangersuatsiaq,205
2018,ND009,Nutaarmiut,166
2018,ND009,Upernavik,166
2018,ND010,Kangersuatsiaq,197
2018,ND010,Nutaarmiut,173
2018,ND010,Nuuk,169
2018,ND010,Upernavik,180
2018,NE008,Upernavik,187
2018,NG004,Upernavik,221
2018,NG005,Upernavik,219
2018,NG007,Innaarsuit,138
2018,NG007,Kullorsuaq,299
2018,NG007,Naajaat,141
2018,NG007,Nutaarmiut,203
2018,NG007,Sisimiut,197
2018,NG007,Upernavik,132
2018,NH004,Kullorsuaq,217
2018,NH004,Naajaat,194
2018,NH004,Sisimiut,217
2018,NH004,Upernavik,217
2018,NH005,Kangersuatsiaq,245
2018,NH005,Kullorsuaq,211
2018,NH005,Naajaat,210
2018,NH005,Upernavik,210
2018,NH006,Kullorsuaq,287
2018,NH007,Upernavik,299
2018,NJ006,Upernavik,201
2018,NM002,Kullorsuaq,156
2018,NM003,Kangersuatsiaq,173
2018,NM003,Kullorsuaq,105
2018,NM003,Upernavik,201
2018,NM004,Kullorsuaq,187
2018,NM004,Upernavik,278
2018,NM006,Kullorsuaq,105
2018,NM006,Upernavik,257
2018,NM007,Kullorsuaq,121
2018,NM008,Kullorsuaq,170
2018,NN002,Kangersuatsiaq,201
2018,NN002,Kullorsuaq,107
2018,NN002,Upernavik,295
2018,NN003,Kangersuatsiaq,203
2018,NN003,Kullorsuaq,107
2018,NN003,Upernavik,166
2018,NN004,Kangersuatsiaq,273
2018,NN004,Kullorsuaq,111
2018,NN004,Naajaat,139
2018,NN004,Upernavik,140
2018,NN005,Kangersuatsiaq,286
2018,NN005,Kullorsuaq,105
2018,NN005,Naajaat,174
2018,NN005,Upernavik,169
2018,NN006,Kangersuatsiaq,169
2018,NN006,Kullorsuaq,105
2018,NN006,Nutaarmiut,243
2018,NN007,Kullorsuaq,110
2018,NP003,Kullorsuaq,111
2018,NP004,Kullorsuaq,194
2018,PR391,Qaanaaq,159
2018,PR394,Qaanaaq,246
2018,PR394,Savissivik,259
2018,PR395,Qaanaaq,272
2018,PR395,Siorapaluk,267
2018,PR396,Qaanaaq,128
2018,PR396,Savissivik,299
2018,PR396,Siorapaluk,268
2018,PR397,Qaanaaq,177
2018,PR405,Qaanaaq,212
2018,PR406,Qeqertat,191
2018,PS394,Qaanaaq,127
2018,PS394,Qeqertat,282
2018,PS394,Savissivik,191
2018,PS395,Qaanaaq,107
2018,PS395,Qeqertat,198
2018,PS396,Qaanaaq,103
2018,PS396,Savissivik,293
2018,PS396,Siorapaluk,265
2018,PS397,Qaanaaq,177
2018,PS404,Qaanaaq,173
2018,PS406,Qaanaaq,246
2018,PS406,Qeqertat,183
2018,PT405,Qaanaaq,217
2018,PT405,Qeqertat,191
2018,PT405,Siorapaluk,217
2018,PT406,Qaanaaq,223
2018,PT406,Qeqertat,196
2018,PT406,Siorapaluk,275
2019,LD028,Qasigiannguit,204
2019,LE026,Qasigiannguit,209
2019,LE027,Qasigiannguit,200
2019,LE028,Qasigiannguit,210
2019,LF028,Ilimanaq,214
2019,LG028,Ilulissat,202
2019,LG030,Ilulissat,173
2019,LG031,Ilulissat,116
2019,LG031,Uummannaq,237
2019,LG032,Ilulissat,164
2019,LG032,Upernavik,183
2019,LH019,Qeqertarsuaq,216
2019,LH030,Ilulissat,204
2019,LN024,Saqqaq,223
2019,LN025,Ilulissat,222
2019,LN025,Saqqaq,209
2019,LN026,Saqqaq,221
2019,LN027,Qeqertaq,196
2019,LN028,Qeqertaq,193
2019,LN028,Uummannaq,194
2019,LP025,Saqqaq,211
2019,LP027,Qeqertaq,188
2019,LP028,Qeqertaq,186
2019,LP028,Saqqaq,188
2019,LP028,Uummannaq,206
2019,LT026,Ikerasak,193
2019,LT026,Niaqornat,224
2019,LT026,Qeqertaq,242
2019,LT027,Ikerasak,181
2019,LT027,Qaarsut,195
2019,LT027,Qeqertaq,199
2019,LT027,Saqqaq,206
2019,LT027,Uummannaq,197
2019,LT028,Ikerasak,183
2019,LT028,Niaqornat,236
2019,LT028,Qeqertaq,193
2019,LT028,Saqqaq,193
2019,LT028,Uummannaq,193
2019,LT029,Ikerasak,207
2019,LT029,Uummannaq,192
2019,LT030,Ikerasak,232
2019,LV023,Qaarsut,194
2019,LV024,Qeqertaq,195
2019,LV024,Saqqaq,254
2019,LV024,Uummannaq,185
2019,LV025,Ikerasak,204
2019,LV025,Ilulissat,221
2019,LV025,Niaqornat,217
2019,LV025,Qaarsut,198
2019,LV025,Qeqertaq,210
2019,LV025,Saattut,226
2019,LV025,Uummannaq,183
2019,LV026,Ikerasak,178
2019,LV026,Saattut,254
2019,LV026,Uummannaq,193
2019,LV027,Ikerasak,172
2019,LV027,Qaarsut,259
2019,LV027,Uummannaq,172
2019,LV028,Ikerasak,185
2019,LV028,Saattut,190
2019,LV029,Ikerasak,223
2019,LX021,Qaarsut,236
2019,LX022,Qaarsut,202
2019,LX022,Saattut,267
2019,LX023,Ilulissat,202
2019,LX023,Niaqornat,219
2019,LX023,Qaarsut,190
2019,LX023,Qeqertaq,236
2019,LX023,Saattut,208
2019,LX023,Uummannaq,192
2019,LX024,Ilulissat,232
2019,LX024,Niaqornat,194
2019,LX024,Nuuk,195
2019,LX024,Qaarsut,191
2019,LX024,Qasigiannguit,179
2019,LX024,Qeqertaq,217
2019,LX024,Saattut,197
2019,LX024,Saqqaq,236
2019,LX024,Uummannaq,175
2019,LX025,Niaqornat,190
2019,LX025,Nuuk,199
2019,LX025,Qasigiannguit,204
2019,LX025,Saattut,210
2019,LX025,Uummannaq,178
2019,LX026,Qaarsut,200
2019,LX026,Qasigiannguit,219
2019,LX026,Saattut,174
2019,LX026,Saqqaq,246
2019,LX026,Uummannaq,182
2019,LX027,Ikerasak,179
2019,LX027,Qaarsut,249
2019,LX027,Saattut,181
2019,LX027,Uummannaq,189
2019,LX028,Ikerasak,196
2019,LX028,Qaarsut,228
2019,LX028,Saattut,196
2019,LX028,Saqqaq,200
2019,LX028,Uummannaq,227
2019,LX029,Ikerasak,197
2019,LX029,Saattut,244
2019,LZ018,Niaqornat,222
2019,LZ020,Qaarsut,232
2019,LZ020,Uummannaq,236
2019,LZ021,Qaarsut,218
2019,LZ021,Qeqertaq,229
2019,LZ021,Uummannaq,201
2019,LZ022,Qaarsut,214
2019,LZ022,Saqqaq,232
2019,LZ022,Uummannaq,228
2019,LZ023,Ikerasak,252
2019,LZ023,Qaarsut,206
2019,LZ023,Saattut,220
2019,LZ023,Uummannaq,207
2019,LZ024,Niaqornat,239
2019,LZ024,Saattut,190
2019,LZ024,Saqqaq,257
2019,LZ024,Uummannaq,180
2019,LZ025,Qaarsut,239
2019,LZ025,Qeqertarsuaq,231
2019,LZ025,Saattut,179
2019,LZ025,Ukkusissat,203
2019,LZ025,Uummannaq,180
2019,LZ026,Qaarsut,178
2019,LZ026,Qeqertaq,262
2019,LZ026,Qeqertarsuaq,174
2019,LZ026,Saattut,171
2019,LZ026,Ukkusissat,189
2019,LZ026,Uummannaq,172
2019,LZ027,Qeqertaq,277
2019,LZ027,Saattut,173
2019,LZ027,Saqqaq,239
2019,LZ027,Ukkusissat,188
2019,LZ027,Uummannaq,197
2019,LZ028,Qaarsut,186
2019,LZ028,Saattut,174
2019,LZ028,Uummannaq,271
2019,LZ029,Ilulissat,211
2019,LZ029,Qeqertarsuaq,203
2019,LZ029,Saattut,187
2019,LZ029,Uummannaq,178
2019,MA022,Saattut,219
2019,MA023,Saattut,220
2019,MA023,Uummannaq,248
2019,MA024,Qaarsut,208
2019,MA024,Saattut,217
2019,MA024,Ukkusissat,178
2019,MA024,Uummannaq,192
2019,MA025,Saattut,249
2019,MA025,Ukkusissat,178
2019,MA025,Uummannaq,222
2019,MA026,Qaarsut,175
2019,MA026,Saattut,173
2019,MA026,Saqqaq,194
2019,MA026,Ukkusissat,182
2019,MA027,Qaarsut,174
2019,MA027,Saattut,174
2019,MA027,Ukkusissat,284
2019,MA028,Ukkusissat,267
2019,MB023,Saattut,244
2019,MB023,Ukkusissat,222
2019,MB024,Qaarsut,213
2019,MB024,Ukkusissat,181
2019,MB025,Qaarsut,185
2019,MB025,Ukkusissat,176
2019,MB025,Uummannaq,195
2019,MB026,Qaarsut,264
2019,MB026,Ukkusissat,175
2019,MB026,Uummannaq,193
2019,MB027,Ukkusissat,265
2019,MB028,Qaarsut,251
2019,MB028,Ukkusissat,181
2019,MD019,Uummannaq,286
2019,MD022,Saattut,286
2019,MD023,Ukkusissat,200
2019,MD024,Ukkusissat,211
2019,MD025,Ukkusissat,217
2019,MD027,Ukkusissat,194
2019,MG021,Saattut,251
2019,MG021,Ukkusissat,248
2019,MG021,Uummannaq,225
2019,MG022,Saattut,260
2019,MG022,Uummannaq,235
2019,MM011,Kangersuatsiaq,193
2019,MM011,Upernavik,179
2019,MM011,Upernavik Kujalleq,176
2019,MT007,Upernavik,215
2019,MT008,Upernavik,194
2019,MT010,Nuuk,193
2019,MT010,Upernavik,191
2019,MV008,Upernavik,249
2019,MV010,Upernavik,190
2019,MV011,Upernavik,214
2019,MV012,Upernavik,190
2019,MX008,Innaarsuit,180
2019,MX009,Innaarsuit,178
2019,MX009,Kullorsuaq,183
2019,MX009,Naajaat,181
2019,MX010,Aasiaat,242
2019,MX010,Innaarsuit,187
2019,MZ008,Innaarsuit,174
2019,MZ008,Kangersuatsiaq,181
2019,MZ008,Naajaat,181
2019,MZ009,Innaarsuit,175
2019,MZ009,Kangersuatsiaq,189
2019,MZ009,Kullorsuaq,176
2019,MZ009,Naajaat,179
2019,MZ009,Nuuk,230
2019,MZ010,Innaarsuit,179
2019,MZ010,Naajaat,188
2019,MZ010,Nuuk,235
2019,MZ011,Upernavik,230
2019,NA008,Nuuk,168
2019,NA008,Upernavik,166
2019,NA008,Upernavik Kujalleq,167
2019,NA009,Aasiaat,234
2019,NA009,Innaarsuit,187
2019,NA009,Upernavik,216
2019,NB007,Upernavik,286
2019,NB008,Nuuk,196
2019,NB008,Upernavik,179
2019,NB009,Nuuk,232
2019,NB009,Upernavik,248
2019,ND007,Innaarsuit,181
2019,ND007,Kullorsuaq,207
2019,ND007,Nutaarmiut,172
2019,ND007,Upernavik,183
2019,ND008,Innaarsuit,204
2019,ND008,Naajaat,234
2019,ND008,Nutaarmiut,193
2019,ND008,Nuuk,188
2019,ND008,Upernavik,183
2019,ND010,Nuuk,187
2019,NG007,Upernavik,168
2019,NH003,Upernavik,246
2019,NH004,Upernavik,162
2019,NH005,Nuuk,224
2019,NH005,Upernavik,166
2019,NH006,Kullorsuaq,193
2019,NH006,Upernavik,196
2019,NH007,Kullorsuaq,208
2019,NH007,Upernavik,204
2019,NM002,Kullorsuaq,167
2019,NM002,Upernavik,209
2019,NM003,Innaarsuit,236
2019,NM003,Kullorsuaq,165
2019,NM003,Naajaat,200
2019,NM003,Upernavik,229
2019,NM004,Kullorsuaq,176
2019,NM004,Naajaat,209
2019,NM006,Kullorsuaq,167
2019,NM007,Kullorsuaq,165
2019,NN002,Kangersuatsiaq,232
2019,NN002,Kullorsuaq,165
2019,NN002,Naajaat,250
2019,NN002,Upernavik,253
2019,NN003,Kangersuatsiaq,200
2019,NN003,Kullorsuaq,165
2019,NN003,Naajaat,230
2019,NN003,Upernavik,274
2019,NN004,Innaarsuit,232
2019,NN004,Kullorsuaq,165
2019,NN004,Naajaat,290
2019,NN004,Nuuk,284
2019,NN004,Upernavik,273
2019,NN005,Kangersuatsiaq,190
2019,NN005,Kullorsuaq,167
2019,NN005,Upernavik Kujalleq,179
2019,NN006,Kullorsuaq,165
2019,NN007,Kullorsuaq,169
2019,NP003,Innaarsuit,244
2019,NP003,Kangersuatsiaq,245
2019,NP003,Kullorsuaq,197
2019,NP004,Kullorsuaq,193
2019,NP004,Upernavik Kujalleq,197
2019,PR392,Qaanaaq,257
2019,PR395,Qaanaaq,266
2019,PR396,Qaanaaq,173
2019,PR397,Qaanaaq,179
2019,PS392,Qaanaaq,257
2019,PS394,Qaanaaq,221
2019,PS395,Qaanaaq,141
2019,PS395,Qeqertat,175
2019,PS395,Savissivik,180
2019,PS395,Siorapaluk,160
2019,PS396,Qaanaaq,169
2019,PS397,Qaanaaq,295
2019,PS399,Qaanaaq,221
2019,PS399,Savissivik,223
2019,PS401,Savissivik,235
2019,PS405,Qeqertat,188
2019,PT398,Qaanaaq,222
2019,PT398,Siorapaluk,251
2019,PT405,Qaanaaq,257
2019,PT405,Qeqertat,208
2019,PT405,Siorapaluk,278
2019,PT406,Qaanaaq,287
2019,PT406,Qeqertat,183
2019,PT407,Qaanaaq,287
2020,HF035,Paamiut,214
2020,KT018,Qaanaaq,292
2020,LG029,Ilulissat,190
2020,LG030,Ilulissat,143
2020,LG030,Kangaatsiaq,179
2020,LG031,Ilulissat,174
2020,LG031,Oqaatsut,203
2020,LG032,Ilulissat,177
2020,LN026,Qeqertarsuaq,202
2020,LN027,Qeqertaq,215
2020,LN028,Ikamiut,117
2020,LN028,Qeqertaq,200
2020,LN028,Saqqaq,208
2020,LN029,Kitsissuarsuit,333
2020,LN029,Qeqertaq,311
2020,LN029,Qeqertarsuaq,323
2020,LP026,Qeqertaq,212
2020,LP027,Qeqertaq,200
2020,LP028,Qeqertaq,190
2020,LP028,Saqqaq,191
2020,LS029,Qeqertarsuaq,207
2020,LT025,Uummannaq,250
2020,LT026,Ikerasak,193
2020,LT026,Qaarsut,221
2020,LT026,Saqqaq,229
2020,LT027,Ikerasak,188
2020,LT027,Qaarsut,216
2020,LT027,Qeqertaq,211
2020,LT027,Uummannaq,207
2020,LT028,Ikerasak,191
2020,LT028,Qaarsut,220
2020,LT028,Qeqertaq,208
2020,LT029,Ikerasak,191
2020,LV024,Qaarsut,228
2020,LV024,Uummannaq,226
2020,LV025,Ikerasak,199
2020,LV025,Qaarsut,230
2020,LV025,Uummannaq,228
2020,LV026,Ikerasak,220
2020,LV026,Nuuk,230
2020,LV026,Qaarsut,221
2020,LV026,Saqqaq,232
2020,LV026,Uummannaq,216
2020,LV027,Ikerasak,184
2020,LV027,Qaarsut,219
2020,LV027,Saqqaq,208
2020,LV027,Ukkusissat,236
2020,LV027,Uummannaq,214
2020,LV028,Ikerasak,191
2020,LV028,Nuuk,227
2020,LV028,Qaarsut,218
2020,LV028,Saqqaq,205
2020,LV029,Ikerasak,216
2020,LV029,Qaarsut,226
2020,LX023,Qaarsut,241
2020,LX023,Uummannaq,248
2020,LX024,Niaqornat,209
2020,LX024,Qaarsut,209
2020,LX024,Qeqertaq,251
2020,LX024,Saattut,249
2020,LX024,Ukkusissat,250
2020,LX024,Uummannaq,190
2020,LX025,Ikerasak,221
2020,LX025,Uummannaq,241
2020,LX026,Ikerasak,208
2020,LX026,Qaarsut,213
2020,LX026,Saattut,200
2020,LX026,Saqqaq,225
2020,LX026,Ukkusissat,240
2020,LX026,Uummannaq,250
2020,LX027,Ikerasak,192
2020,LX027,Saattut,199
2020,LX027,Uummannaq,216
2020,LX028,Ikerasak,199
2020,LX028,Nuuk,229
2020,LX028,Qaarsut,237
2020,LX028,Saattut,227
2020,LX028,Ukkusissat,232
2020,LX028,Uummannaq,230
2020,LX029,Saattut,205
2020,LZ021,Saattut,205
2020,LZ021,Uummannaq,249
2020,LZ025,Ikerasak,248
2020,LZ025,Saattut,185
2020,LZ026,Ikerasak,219
2020,LZ026,Niaqornat,232
2020,LZ026,Qeqertarsuaq,188
2020,LZ026,Saattut,181
2020,LZ026,Uummannaq,235
2020,LZ027,Saattut,172
2020,LZ027,Uummannaq,188
2020,LZ028,Saattut,193
2020,LZ028,Uummannaq,250
2020,LZ029,Saattut,199
2020,MA024,Ikerasak,214
2020,MA024,Ukkusissat,188
2020,MA024,Uummannaq,188
2020,MA025,Ikerasak,205
2020,MA025,Saattut,191
2020,MA025,Ukkusissat,188
2020,MA025,Uummannaq,206
2020,MA026,Ikerasak,208
2020,MA026,Saattut,188
2020,MA026,Ukkusissat,194
2020,MA026,Uummannaq,194
2020,MA027,Saattut,233
2020,MA028,Saattut,191
2020,MA028,Ukkusissat,207
2020,MA028,Uummannaq,202
2020,MB024,Ukkusissat,199
2020,MB025,Ikerasak,191
2020,MB025,Ukkusissat,188
2020,MB025,Uummannaq,190
2020,MB026,Ikerasak,194
2020,MB026,Ukkusissat,190
2020,MB026,Uummannaq,193
2020,MB027,Ukkusissat,221
2020,MB028,Ukkusissat,197
2020,MB028,Uummannaq,199
2020,MM010,Kullorsuaq,220
2020,MM011,Kangersuatsiaq,205
2020,MM011,Upernavik Kujalleq,184
2020,MM012,Upernavik Kujalleq,261
2020,MT008,Upernavik,207
2020,MT009,Upernavik,226
2020,MT010,Upernavik,192
2020,MT010,Upernavik Kujalleq,188
2020,MV010,Upernavik,186
2020,MV010,Upernavik Kujalleq,216
2020,MV011,Upernavik,216
2020,MV012,Upernavik,231
2020,MV013,Upernavik,209
2020,MX008,Innaarsuit,200
2020,MX009,Innaarsuit,180
2020,MX009,Kangersuatsiaq,186
2020,MX009,Kullorsuaq,214
2020,MX009,Naajaat,177
2020,MX010,Innaarsuit,208
2020,MZ007,Innaarsuit,218
2020,MZ008,Innaarsuit,172
2020,MZ008,Kangersuatsiaq,184
2020,MZ008,Naajaat,198
2020,MZ008,Upernavik Kujalleq,213
2020,MZ009,Innaarsuit,163
2020,MZ009,Naajaat,180
2020,MZ010,Innaarsuit,164
2020,MZ010,Kangersuatsiaq,214
2020,MZ010,Naajaat,184
2020,MZ011,Naajaat,202
2020,NA007,Upernavik,206
2020,NA008,Kullorsuaq,263
2020,NA008,Upernavik,187
2020,NA009,Innaarsuit,219
2020,NA009,Kullorsuaq,239
2020,NB007,Upernavik,205
2020,NB008,Upernavik,198
2020,ND007,Nutaarmiut,205
2020,ND007,Upernavik,206
2020,ND007,Upernavik Kujalleq,240
2020,ND008,Nutaarmiut,228
2020,ND008,Upernavik,218
2020,ND008,Upernavik Kujalleq,268
2020,ND009,Nutaarmiut,312
2020,ND009,Upernavik,230
2020,ND009,Upernavik Kujalleq,223
2020,ND010,Upernavik,221
2020,NG005,Kangersuatsiaq,241
2020,NG005,Upernavik,240
2020,NG006,Upernavik Kujalleq,268
2020,NG007,Kullorsuaq,212
2020,NG007,Upernavik,165
2020,NH001,Kullorsuaq,265
2020,NH004,Kullorsuaq,220
2020,NH004,Nutaarmiut,240
2020,NH004,Upernavik,209
2020,NH005,Innaarsuit,241
2020,NH005,Upernavik,212
2020,NH006,Kangersuatsiaq,172
2020,NH006,Kullorsuaq,208
2020,NH006,Upernavik,167
2020,NH007,Kangersuatsiaq,188
2020,NH007,Kullorsuaq,213
2020,NH007,Upernavik,167
2020,NK005,Kangersuatsiaq,236
2020,NM003,Kangersuatsiaq,209
2020,NM003,Kullorsuaq,139
2020,NM004,Kullorsuaq,185
2020,NM005,Kullorsuaq,171
2020,NM006,Innaarsuit,165
2020,NM006,Kullorsuaq,167
2020,NM006,Upernavik Kujalleq,195
2020,NM007,Kullorsuaq,222
2020,NN001,Kullorsuaq,268
2020,NN002,Kullorsuaq,163
2020,NN003,Kullorsuaq,163
2020,NN003,Nutaarmiut,165
2020,NN004,Kullorsuaq,160
2020,NN005,Kangersuatsiaq,286
2020,NN005,Kullorsuaq,163
2020,NN005,Upernavik Kujalleq,186
2020,NN006,Kangersuatsiaq,212
2020,NN006,Kullorsuaq,163
2020,NN006,Nutaarmiut,179
2020,NN007,Kullorsuaq,184
2020,NP002,Kullorsuaq,284
2020,NP003,Kullorsuaq,167
2020,NP003,Upernavik,222
2020,NP004,Kullorsuaq,193
2020,NP005,Kullorsuaq,222
2020,PR396,Qaanaaq,166
2020,PR397,Qaanaaq,269
2020,PS394,Qaanaaq,212
2020,PS395,Qaanaaq,142
2020,PS395,Qeqertat,142
2020,PS396,Qaanaaq,216
2020,PS397,Qaanaaq,276
2020,PS398,Qaanaaq,284
2020,PS398,Siorapaluk,291
2020,PS399,Qaanaaq,283
2020,PS399,Siorapaluk,289
2020,PS406,Qaanaaq,193
2020,PS406,Siorapaluk,206
2020,PT405,Qaanaaq,185
2020,PT405,Qeqertat,184
2020,PT406,Qaanaaq,177
2020,PT406,Qeqertat,139
2020,PT406,Siorapaluk,212
2020,PT407,Qaanaaq,226
2020,PT407,Qeqertat,229
2020,PT407,Siorapaluk,275
2021,KH021,Sarfannguit,246
2021,KV019,Kangaatsiaq,204
2021,LB022,Akunnaaq,215
2021,LB023,Akunnaaq,215
2021,LD001,Akunnaaq,234
2021,LD021,Akunnaaq,246
2021,LD022,Akunnaaq,223
2021,LD023,Akunnaaq,213
2021,LD024,Akunnaaq,215
2021,LE020,Akunnaaq,213
2021,LE022,Akunnaaq,223
2021,LF028,Ilimanaq,247
2021,LG030,Ilulissat,180
2021,LG030,Uummannaq,191
2021,LG031,Ilulissat,194
2021,LG032,Ilulissat,275
2021,LH018,Qeqertarsuaq,250
2021,LH019,Qeqertarsuaq,240
2021,LN027,Qeqertaq,207
2021,LN028,Qeqertaq,200
2021,LP027,Qeqertaq,203
2021,LP028,Aasiaat,210
2021,LP028,Qaarsut,210
2021,LP028,Qeqertaq,197
2021,LP028,Saqqaq,212
2021,LP029,Qeqertaq,245
2021,LR022,Ukkusissat,283
2021,LT026,Uummannaq,224
2021,LT027,Ikerasak,211
2021,LT027,Qeqertaq,229
2021,LT027,Uummannaq,278
2021,LT028,Ikerasak,208
2021,LT028,Qaarsut,210
2021,LT028,Qeqertaq,227
2021,LT029,Ikerasak,213
2021,LT029,Qeqertaq,227
2021,LV023,Qaarsut,243
2021,LV024,Ikerasak,266
2021,LV024,Ilulissat,214
2021,LV024,Niaqornat,284
2021,LV024,Uummannaq,215
2021,LV025,Ilulissat,225
2021,LV025,Qaarsut,215
2021,LV025,Qeqertaq,231
2021,LV025,Saqqaq,235
2021,LV025,Uummannaq,209
2021,LV026,Ikerasak,228
2021,LV026,Qaarsut,219
2021,LV026,Saattut,290
2021,LV026,Saqqaq,237
2021,LV026,Uummannaq,237
2021,LV027,Ikerasak,208
2021,LV027,Qaarsut,217
2021,LV027,Qeqertaq,246
2021,LV027,Uummannaq,258
2021,LV028,Ikerasak,208
2021,LV028,Uummannaq,228
2021,LX022,Qaarsut,231
2021,LX023,Naajaat,331
2021,LX023,Qaarsut,211
2021,LX023,Uummannaq,213
2021,LX024,Ikerasak,221
2021,LX024,Ilulissat,230
2021,LX024,Niaqornat,280
2021,LX024,Nuuk,211
2021,LX024,Qaarsut,208
2021,LX024,Saattut,211
2021,LX024,Saqqaq,227
2021,LX024,Ukkusissat,221
2021,LX024,Uummannaq,209
2021,LX025,Ilulissat,221
2021,LX025,Niaqornat,261
2021,LX025,Nuuk,213
2021,LX025,Qaarsut,216
2021,LX025,Saattut,283
2021,LX025,Uummannaq,212
2021,LX026,Nuuk,218
2021,LX026,Saattut,193
2021,LX026,Saqqaq,222
2021,LX026,Uummannaq,215
2021,LX027,Ikerasak,214
2021,LX027,Qaarsut,285
2021,LX027,Qeqertaq,255
2021,LX027,Saattut,206
2021,LX027,Ukkusissat,222
2021,LX027,Uummannaq,228
2021,LX028,Ikerasak,215
2021,LX028,Qaarsut,232
2021,LX028,Saattut,186
2021,LX028,Uummannaq,233
2021,LX029,Ikerasak,217
2021,LZ019,Saattut,258
2021,LZ023,Qaarsut,222
2021,LZ024,Nuuk,246
2021,LZ024,Qaarsut,242
2021,LZ024,Saattut,213
2021,LZ024,Ukkusissat,244
2021,LZ024,Uummannaq,228
2021,LZ025,Saattut,211
2021,LZ025,Saqqaq,268
2021,LZ025,Uummannaq,218
2021,LZ026,Niaqornat,183
2021,LZ026,Nuuk,222
2021,LZ026,Qaarsut,199
2021,LZ026,Saattut,179
2021,LZ026,Saqqaq,255
2021,LZ026,Ukkusissat,215
2021,LZ026,Uummannaq,198
2021,LZ027,Niaqornat,203
2021,LZ027,Qaarsut,276
2021,LZ027,Saattut,179
2021,LZ027,Saqqaq,253
2021,LZ027,Uummannaq,199
2021,LZ028,Niaqornat,207
2021,LZ028,Nuuk,276
2021,LZ028,Qaarsut,258
2021,LZ028,Saattut,203
2021,LZ028,Uummannaq,236
2021,LZ029,Nuuk,287
2021,LZ029,Saattut,220
2021,LZ029,Uummannaq,249
2021,MA024,Ikerasak,233
2021,MA024,Nuuk,243
2021,MA024,Saqqaq,274
2021,MA024,Ukkusissat,207
2021,MA024,Uummannaq,238
2021,MA025,Saattut,249
2021,MA025,Ukkusissat,213
2021,MA025,Uummannaq,233
2021,MA026,Qaarsut,207
2021,MA026,Saattut,186
2021,MA026,Ukkusissat,213
2021,MA026,Uummannaq,201
2021,MA027,Niaqornat,211
2021,MA027,Nuuk,278
2021,MA027,Saattut,198
2021,MA027,Ukkusissat,291
2021,MA028,Ukkusissat,281
2021,MA028,Uummannaq,281
2021,MB023,Nuuk,243
2021,MB024,Nuuk,241
2021,MB024,Saqqaq,278
2021,MB024,Ukkusissat,212
2021,MB024,Uummannaq,267
2021,MB025,Saattut,280
2021,MB025,Saqqaq,288
2021,MB025,Ukkusissat,203
2021,MB025,Uummannaq,278
2021,MB026,Saqqaq,291
2021,MB026,Ukkusissat,203
2021,MB026,Uummannaq,212
2021,MB027,Ukkusissat,211
2021,MB027,Uummannaq,217
2021,MB028,Nuuk,236
2021,MB028,Ukkusissat,211
2021,ML010,Upernavik Kujalleq,250
2021,ML011,Upernavik Kujalleq,253
2021,MM010,Upernavik Kujalleq,202
2021,MM011,Upernavik Kujalleq,190
2021,MM012,Upernavik Kujalleq,78
2021,MN011,Kangersuatsiaq,246
2021,MN011,Upernavik Kujalleq,216
2021,MN013,Upernavik Kujalleq,214
2021,MT007,Upernavik,208
2021,MT007,Upernavik Kujalleq,244
2021,MT008,Upernavik,211
2021,MT009,Upernavik,229
2021,MT010,Upernavik,190
2021,MV007,Upernavik,225
2021,MV010,Upernavik,192
2021,MV011,Upernavik,214
2021,MV012,Upernavik,201
2021,MV013,Upernavik,215
2021,MX007,Innaarsuit,218
2021,MX008,Innaarsuit,192
2021,MX008,Kangersuatsiaq,232
2021,MX009,Innaarsuit,175
2021,MX009,Kangersuatsiaq,208
2021,MX009,Naajaat,182
2021,MX009,Upernavik,214
2021,MX009,Upernavik Kujalleq,211
2021,MZ007,Innaarsuit,213
2021,MZ008,Innaarsuit,174
2021,MZ008,Kangersuatsiaq,177
2021,MZ008,Naajaat,187
2021,MZ008,Nutaarmiut,184
2021,MZ008,Upernavik,236
2021,MZ008,Upernavik Kujalleq,218
2021,MZ009,Innaarsuit,171
2021,MZ009,Naajaat,183
2021,MZ009,Upernavik,219
2021,MZ009,Upernavik Kujalleq,214
2021,MZ010,Innaarsuit,189
2021,MZ010,Naajaat,180
2021,MZ010,Upernavik,227
2021,MZ011,Innaarsuit,217
2021,MZ011,Naajaat,214
2021,NA006,Innaarsuit,211
2021,NA007,Innaarsuit,216
2021,NA008,Innaarsuit,218
2021,NA008,Upernavik,176
2021,NA009,Innaarsuit,199
2021,NA009,Naajaat,215
2021,NB007,Upernavik,190
2021,NB007,Upernavik Kujalleq,202
2021,NB008,Kullorsuaq,215
2021,NB008,Nutaarmiut,187
2021,NB008,Nuuk,194
2021,NB008,Upernavik,179
2021,NB008,Upernavik Kujalleq,233
2021,NB009,Upernavik,294
2021,ND007,Kullorsuaq,218
2021,ND007,Nutaarmiut,176
2021,ND007,Nuuk,201
2021,ND007,Upernavik,188
2021,ND007,Upernavik Kujalleq,188
2021,ND008,Kullorsuaq,230
2021,ND008,Nutaarmiut,183
2021,ND008,Nuuk,190
2021,ND008,Upernavik,183
2021,ND009,Kullorsuaq,218
2021,ND009,Nutaarmiut,208
2021,ND009,Upernavik,211
2021,ND010,Upernavik Kujalleq,232
2021,NG006,Kullorsuaq,66
2021,NG006,Upernavik,194
2021,NG007,Ilulissat,254
2021,NG007,Innaarsuit,236
2021,NG007,Kullorsuaq,201
2021,NG007,Upernavik,191
2021,NH004,Upernavik,198
2021,NH005,Kullorsuaq,222
2021,NH005,Upernavik,212
2021,NH006,Ilulissat,264
2021,NH006,Innaarsuit,247
2021,NH006,Kullorsuaq,253
2021,NH006,Upernavik,172
2021,NH007,Ilulissat,243
2021,NH007,Upernavik,176
2021,NL001,Kullorsuaq,268
2021,NL006,Kullorsuaq,232
2021,NM001,Kullorsuaq,277
2021,NM002,Kullorsuaq,183
2021,NM003,Innaarsuit,234
2021,NM003,Kullorsuaq,157
2021,NM003,Nutaarmiut,270
2021,NM004,Kullorsuaq,162
2021,NM005,Kullorsuaq,166
2021,NM006,Kullorsuaq,176
2021,NM007,Kullorsuaq,201
2021,NN001,Kullorsuaq,219
2021,NN001,Nutaarmiut,249
2021,NN002,Kullorsuaq,183
2021,NN003,Kullorsuaq,163
2021,NN004,Kullorsuaq,166
2021,NN005,Kullorsuaq,183
2021,NN006,Kullorsuaq,169
2021,NN006,Nutaarmiut,243
2021,NN007,Kullorsuaq,214
2021,NP001,Kullorsuaq,221
2021,NP003,Kullorsuaq,177
2021,NP004,Kullorsuaq,229
2021,PR390,Qaanaaq,281
2021,PR396,Qaanaaq,176
2021,PR397,Qaanaaq,208
2021,PR397,Siorapaluk,232
2021,PR398,Qaanaaq,197
2021,PS394,Qaanaaq,127
2021,PS395,Qaanaaq,131
2021,PS395,Siorapaluk,278
2021,PS396,Qaanaaq,142
2021,PS397,Qaanaaq,173
2021,PS404,Qaanaaq,183
2021,PS405,Qeqertat,187
2021,PS406,Qaanaaq,176
2021,PS406,Qeqertat,173
2021,PT397,Qaanaaq,211
2021,PT398,Qaanaaq,221
2021,PT400,Qaanaaq,246
2021,PT404,Qaanaaq,274
2021,PT405,Qaanaaq,157
2021,PT405,Qeqertat,141
2021,PT406,Qaanaaq,171
2021,PT406,Qeqertat,176
2021,PT406,Siorapaluk,267
2021,PT407,Qaanaaq,205
2021,PT407,Qeqertat,166
2022,KH021,Sarfannguit,259
2022,KT025,Iginniarfik,291
2022,KV021,Kangaatsiaq,318
2022,LA023,Ikamiut,205
2022,LA024,Ikamiut,219
2022,LA025,Ikamiut,210
2022,LB023,Aasiaat,226
2022,LB023,Akunnaaq,214
2022,LB023,Ikamiut,221
2022,LB024,Ikamiut,239
2022,LB025,Ikamiut,203
2022,LB026,Ikamiut,203
2022,LD023,Akunnaaq,214
2022,LD028,Qasigiannguit,228
2022,LG028,Ilulissat,357
2022,LG029,Ilimanaq,198
2022,LG030,Ilulissat,181
2022,LG031,Ilulissat,202
2022,LH028,Ilulissat,327
2022,LH028,Qeqertaq,200
2022,LN025,Saattut,255
2022,LN027,Qeqertaq,172
2022,LN027,Saqqaq,234
2022,LN028,Qeqertaq,182
2022,LN028,Saqqaq,182
2022,LP024,Saqqaq,198
2022,LP027,Qeqertaq,177
2022,LP027,Saqqaq,179
2022,LP028,Qeqertaq,176
2022,LP028,Saqqaq,182
2022,LT025,Ikerasak,184
2022,LT026,Ikerasak,221
2022,LT026,Qaarsut,175
2022,LT026,Ukkusissat,231
2022,LT026,Uummannaq,194
2022,LT027,Ikerasak,172
2022,LT027,Qaarsut,214
2022,LT027,Ukkusissat,240
2022,LT028,Ikerasak,172
2022,LT028,Qaarsut,217
2022,LT028,Qeqertaq,176
2022,LT028,Uummannaq,216
2022,LT029,Ikerasak,177
2022,LT029,Qaarsut,232
2022,LT030,Ikerasak,237
2022,LV024,Qaarsut,206
2022,LV024,Saqqaq,183
2022,LV024,Uummannaq,171
2022,LV025,Nuuk,243
2022,LV025,Qaarsut,176
2022,LV025,Saqqaq,175
2022,LV025,Ukkusissat,176
2022,LV025,Uummannaq,170
2022,LV026,Ikerasak,183
2022,LV026,Qaarsut,176
2022,LV026,Saattut,242
2022,LV026,Uummannaq,183
2022,LV027,Ikerasak,164
2022,LV027,Qaarsut,183
2022,LV027,Qeqertaq,222
2022,LV027,Saattut,204
2022,LV027,Ukkusissat,182
2022,LV028,Ikerasak,183
2022,LV028,Qaarsut,207
2022,LV028,Saattut,178
2022,LV028,Ukkusissat,217
2022,LV028,Uummannaq,182
2022,LV029,Saattut,255
2022,LX022,Qaarsut,244
2022,LX023,Qaarsut,171
2022,LX023,Uummannaq,197
2022,LX024,Ikerasak,196
2022,LX024,Niaqornat,198
2022,LX024,Nuuk,168
2022,LX024,Qaarsut,171
2022,LX024,Saattut,192
2022,LX024,Saqqaq,168
2022,LX024,Ukkusissat,174
2022,LX024,Uummannaq,165
2022,LX025,Ikerasak,235
2022,LX025,Qaarsut,204
2022,LX025,Saattut,202
2022,LX025,Saqqaq,213
2022,LX025,Uummannaq,177
2022,LX026,Ikerasak,182
2022,LX026,Niaqornat,238
2022,LX026,Nuuk,175
2022,LX026,Qaarsut,181
2022,LX026,Saattut,172
2022,LX026,Uummannaq,174
2022,LX027,Ikerasak,174
2022,LX027,Qaarsut,255
2022,LX027,Qeqertaq,184
2022,LX027,Saattut,170
2022,LX027,Uummannaq,181
2022,LX028,Ikerasak,174
2022,LX028,Qaarsut,168
2022,LX028,Qeqertaq,176
2022,LX028,Saattut,228
2022,LX028,Ukkusissat,216
2022,LX028,Uummannaq,225
2022,LX029,Ikerasak,211
2022,LX029,Saattut,217
2022,LZ022,Qaarsut,246
2022,LZ023,Qaarsut,238
2022,LZ024,Uummannaq,199
2022,LZ025,Saattut,171
2022,LZ025,Uummannaq,183
2022,LZ026,Qaarsut,270
2022,LZ026,Saattut,160
2022,LZ026,Ukkusissat,253
2022,LZ026,Uummannaq,178
2022,LZ027,Saattut,165
2022,LZ027,Ukkusissat,210
2022,LZ027,Uummannaq,203
2022,LZ028,Saattut,172
2022,LZ029,Saattut,189
2022,MA022,Qaarsut,245
2022,MA024,Ukkusissat,167
2022,MA024,Uummannaq,250
2022,MA025,Ikerasak,259
2022,MA025,Saattut,168
2022,MA025,Ukkusissat,171
2022,MA025,Uummannaq,195
2022,MA026,Ikerasak,256
2022,MA026,Saattut,165
2022,MA026,Ukkusissat,175
2022,MA026,Uummannaq,224
2022,MA027,Saattut,168
2022,MA027,Ukkusissat,266
2022,MA028,Ukkusissat,214
2022,MA028,Uummannaq,255
2022,MA029,Ukkusissat,291
2022,MB017,Ukkusissat,280
2022,MB017,Upernavik,185
2022,MB023,Ukkusissat,241
2022,MB024,Nuuk,221
2022,MB024,Ukkusissat,170
2022,MB024,Uummannaq,223
2022,MB025,Nuuk,198
2022,MB025,Ukkusissat,167
2022,MB025,Uummannaq,171
2022,MB026,Ukkusissat,169
2022,MB026,Uummannaq,209
2022,MB027,Ukkusissat,171
2022,MB028,Nuuk,216
2022,MB028,Ukkusissat,241
2022,MD023,Ukkusissat,191
2022,ML010,Upernavik Kujalleq,214
2022,ML011,Upernavik Kujalleq,185
2022,MM010,Upernavik Kujalleq,187
2022,MM011,Upernavik Kujalleq,175
2022,MM012,Upernavik Kujalleq,186
2022,MN011,Upernavik Kujalleq,255
2022,MN012,Upernavik Kujalleq,186
2022,MN013,Kullorsuaq,161
2022,MN013,Upernavik Kujalleq,205
2022,MT007,Upernavik,238
2022,MT008,Upernavik,197
2022,MT010,Upernavik,181
2022,MV010,Saattut,180
2022,MV010,Upernavik,238
2022,MV011,Upernavik,165
2022,MV012,Upernavik,173
2022,MV013,Upernavik,240
2022,MX008,Innaarsuit,188
2022,MX009,Innaarsuit,116
2022,MX009,Naajaat,166
2022,MX010,Innaarsuit,203
2022,MZ006,Innaarsuit,227
2022,MZ007,Innaarsuit,220
2022,MZ008,Innaarsuit,156
2022,MZ008,Kangersuatsiaq,157
2022,MZ008,Naajaat,175
2022,MZ009,Innaarsuit,159
2022,MZ009,Kullorsuaq,176
2022,MZ009,Naajaat,161
2022,MZ009,Upernavik,200
2022,MZ010,Innaarsuit,170
2022,MZ010,Naajaat,162
2022,MZ011,Innaarsuit,170
2022,MZ011,Naajaat,196
2022,NA005,Upernavik,247
2022,NA007,Innaarsuit,193
2022,NA008,Innaarsuit,170
2022,NA008,Upernavik,161
2022,NA009,Innaarsuit,158
2022,NA009,Upernavik,237
2022,NA010,Upernavik,175
2022,NA011,Innaarsuit,210
2022,NB007,Innaarsuit,232
2022,NB007,Upernavik,167
2022,NB008,Upernavik,164
2022,NB009,Upernavik,183
2022,ND007,Kangersuatsiaq,245
2022,ND007,Nutaarmiut,161
2022,ND007,Upernavik,183
2022,ND007,Upernavik Kujalleq,236
2022,ND008,Nutaarmiut,168
2022,ND008,Upernavik,163
2022,ND009,Innaarsuit,164
2022,ND009,Kullorsuaq,192
2022,ND009,Upernavik,163
2022,ND010,Nutaarmiut,196
2022,ND010,Upernavik,172
2022,NG001,Upernavik,182
2022,NG005,Upernavik Kujalleq,226
2022,NG006,Upernavik,168
2022,NG006,Upernavik Kujalleq,231
2022,NG007,Ikerasak,212
2022,NG007,Kangersuatsiaq,217
2022,NG007,Upernavik,245
2022,NH004,Kullorsuaq,233
2022,NH004,Upernavik,184
2022,NH005,Upernavik,207
2022,NH006,Ikerasak,184
2022,NH006,Upernavik,182
2022,NH007,Kangersuatsiaq,219
2022,NM001,Kullorsuaq,189
2022,NM003,Innaarsuit,293
2022,NM003,Kullorsuaq,161
2022,NM004,Kullorsuaq,168
2022,NM005,Kullorsuaq,172
2022,NM006,Innaarsuit,275
2022,NM006,Kullorsuaq,161
2022,NM007,Kullorsuaq,168
2022,NM008,Innaarsuit,171
2022,NN001,Ikerasak,226
2022,NN001,Innaarsuit,253
2022,NN001,Kullorsuaq,165
2022,NN002,Kullorsuaq,175
2022,NN003,Innaarsuit,269
2022,NN003,Kullorsuaq,161
2022,NN004,Innaarsuit,254
2022,NN004,Kullorsuaq,164
2022,NN005,Kullorsuaq,164
2022,NN006,Innaarsuit,256
2022,NN006,Kullorsuaq,161
2022,NN007,Innaarsuit,257
2022,NN007,Kullorsuaq,203
2022,NP001,Kullorsuaq,184
2022,NP002,Kullorsuaq,196
2022,NP003,Kullorsuaq,172
2022,NP004,Kullorsuaq,168
2022,NP005,Kullorsuaq,171
2022,PR396,Kangerlussuaq,203
2022,PR396,Qaanaaq,197
2022,PR396,Qeqertat,322
2022,PR396,Siorapaluk,197
2022,PR397,Qaanaaq,221
2022,PR397,Savissivik,302
2022,PR397,Siorapaluk,224
2022,PR405,Qeqertat,200
2022,PR406,Qaanaaq,280
2022,PR406,Qeqertat,280
2022,PR406,Savissivik,263
2022,PS395,Kangerlussuaq,165
2022,PS395,Qaanaaq,114
2022,PS395,Savissivik,305
2022,PS396,Qaanaaq,169
2022,PS397,Kangerlussuaq,238
2022,PS400,Qaanaaq,245
2022,PS402,Qaanaaq,289
2022,PS405,Qaanaaq,254
2022,PS405,Qeqertat,158
2022,PS406,Qaanaaq,289
2022,PT397,Kangerlussuaq,234
2022,PT398,Kangerlussuaq,224
2022,PT400,Qeqertat,172
2022,PT404,Kangerlussuaq,228
2022,PT404,Qaanaaq,224
2022,PT404,Qeqertat,198
2022,PT405,Kangerlussuaq,283
2022,PT405,Qaanaaq,198
2022,PT405,Qeqertat,164
2022,PT406,Kangerlussuaq,182
2022,PT406,Qaanaaq,259
2022,PT406,Qeqertat,172
