season,field_code,sellers_locality,last_catch_day
2012,600B3,Sermiligaaq,261
2012,LB025,Ikamiut,245
2012,LB028,Qasigiannguit,246
2012,LD027,Qasigiannguit,246
2012,LD028,Qasigiannguit,260
2012,LD029,Qasigiannguit,215
2012,LE026,Qasigiannguit,175
2012,LE027,Qasigiannguit,229
2012,LF028,Ilimanaq,217
2012,LG018,Qeqertarsuaq,225
2012,LG019,Qeqertarsuaq,217
2012,LG027,Qasigiannguit,229
2012,LG028,Ilulissat,286
2012,LG029,Ilulissat,225
2012,LG030,Ilulissat,285
2012,LG030,Qasigiannguit,215
2012,LG031,Ilulissat,286
2012,LH028,Qeqertaq,323
2012,LH029,Ilulissat,122
2012,LN025,Saqqaq,219
2012,LN026,Ilulissat,224
2012,LN026,Saqqaq,223
2012,LN027,Qeqertaq,176
2012,LN028,Qeqertaq,222
2012,LN028,Saqqaq,211
2012,LP025,Saqqaq,223
2012,LP026,Saqqaq,211
2012,LP028,Qeqertaq,230
2012,LP028,Saqqaq,222
2012,LT027,Ikerasak,257
2012,LT027,Uummannaq,236
2012,LT028,Ikerasak,218
2012,LT029,Ikerasak,225
2012,LV024,Uummannaq,251
2012,LV025,Uummannaq,228
2012,LV026,Ikerasak,253
2012,LV026,Uummannaq,219
2012,LV027,Ikerasak,302
2012,LV027,Uummannaq,183
2012,LV028,Ikerasak,229
2012,LV028,Niaqornat,277
2012,LV029,Ikerasak,210
2012,LX022,Qaarsut,226
2012,LX023,Ilulissat,222
2012,LX023,Qaarsut,226
2012,LX023,Qasigiannguit,226
2012,LX023,Uummannaq,247
2012,LX024,Ikerasak,216
2012,LX024,Niaqornat,252
2012,LX024,Nuugaatsiaq,209
2012,LX024,Qaarsut,271
2012,LX024,Qasigiannguit,244
2012,LX024,Ukkusissat,224
2012,LX024,Uummannaq,273
2012,LX025,Saattut,247
2012,LX025,Uummannaq,252
2012,LX026,Niaqornat,183
2012,LX026,Qasigiannguit,232
2012,LX026,Saattut,275
2012,LX026,Uummannaq,210
2012,LX027,Ikerasak,299
2012,LX027,Niaqornat,198
2012,LX027,Saattut,275
2012,LX028,Ikerasak,180
2012,LX028,Ukkusissat,194
2012,LX029,Ikerasak,236
2012,LX029,Uummannaq,210
2012,LZ018,Niaqornat,227
2012,LZ022,Qaarsut,226
2012,LZ023,Qaarsut,226
2012,LZ024,Saattut,256
2012,LZ025,Niaqornat,250
2012,LZ025,Nuugaatsiaq,247
2012,LZ025,Qasigiannguit,231
2012,LZ025,Saattut,272
2012,LZ026,Nuugaatsiaq,237
2012,LZ026,Qaarsut,209
2012,LZ026,Qasigiannguit,223
2012,LZ026,Saattut,300
2012,LZ026,Saqqaq,232
2012,LZ026,Ukkusissat,211
2012,LZ027,Saattut,275
2012,LZ027,Ukkusissat,214
2012,LZ028,Qasigiannguit,191
2012,LZ028,Saattut,210
2012,LZ029,Qasigiannguit,204
2012,LZ029,Saattut,210
2012,MA023,Ukkusissat,259
2012,MA024,Saattut,251
2012,MA024,Ukkusissat,274
2012,MA025,Ukkusissat,289
2012,MA026,Ikerasak,237
2012,MA026,Nuugaatsiaq,184
2012,MA026,Saattut,272
2012,MA026,Ukkusissat,214
2012,MA027,Niaqornat,176
2012,MA027,Qasigiannguit,212
2012,MA027,Saattut,195
2012,MA027,Ukkusissat,289
2012,MA027,Uummannaq,170
2012,MA028,Saattut,202
2012,MA028,Ukkusissat,298
2012,MA029,Ukkusissat,271
2012,MB024,Ukkusissat,295
2012,MB025,Saattut,274
2012,MB025,Ukkusissat,303
2012,MB026,Ukkusissat,305
2012,MB027,Ukkusissat,307
2012,MB028,Ukkusissat,305
2012,MB029,Ukkusissat,260
2012,MD019,Illorsuit,297
2012,MF019,Nuugaatsiaq,295
2012,MF020,Nuugaatsiaq,259
2012,MF021,Nuugaatsiaq,285
2012,MG019,Nuugaatsiaq,218
2012,MG020,Nuugaatsiaq,204
2012,MG020,Saattut,279
2012,MG021,Nuugaatsiaq,313
2012,MG022,Nuugaatsiaq,299
2012,MM011,Upernavik,201
2012,MM011,Upernavik Kujalleq,335
2012,MM012,Upernavik,223
2012,MM012,Upernavik Kujalleq,306
2012,MM013,Upernavik Kujalleq,205
2012,MN013,Innaarsuit,335
2012,MN013,Kangersuatsiaq,336
2012,MN013,Upernavik Kujalleq,336
2012,MT007,Upernavik,224
2012,MT008,Upernavik,252
2012,MT010,Upernavik,219
2012,MV010,Upernavik,267
2012,MV011,Upernavik,254
2012,MV012,Upernavik,267
2012,MX008,Innaarsuit,302
2012,MX008,Naajaat,187
2012,MX009,Innaarsuit,306
2012,MX009,Kangersuatsiaq,299
2012,MX009,Naajaat,306
2012,MX009,Upernavik,285
2012,MX010,Innaarsuit,289
2012,MX011,Innaarsuit,264
2012,MX011,Naajaat,211
2012,MX011,Upernavik,266
2012,MX012,Innaarsuit,208
2012,MX012,Naajaat,208
2012,MZ008,Innaarsuit,306
2012,MZ008,Naajaat,183
2012,MZ008,Ukkusissat,75
2012,MZ008,Upernavik,229
2012,MZ009,Innaarsuit,308
2012,MZ009,Naajaat,201
2012,MZ009,Upernavik,225
2012,MZ010,Innaarsuit,299
2012,MZ010,Naajaat,225
2012,MZ010,Upernavik,251
2012,MZ011,Innaarsuit,289
2012,MZ011,Naajaat,226
2012,MZ011,Upernavik,288
2012,NA008,Innaarsuit,215
2012,NA008,Kullorsuaq,223
2012,NA008,Nutaarmiut,212
2012,NA008,Upernavik,299
2012,NA008,Upernavik Kujalleq,223
2012,NA009,Innaarsuit,202
2012,NA009,Upernavik,289
2012,NB006,Upernavik,209
2012,NB007,Kangersuatsiaq,254
2012,NB007,Nutaarmiut,257
2012,NB007,Upernavik,300
2012,NB008,Innaarsuit,250
2012,NB008,Kangersuatsiaq,238
2012,NB008,Nutaarmiut,219
2012,NB008,Upernavik,287
2012,NB009,Nutaarmiut,236
2012,NB009,Upernavik,238
2012,ND007,"Ikerasaarsuk, Upernavik",264
2012,ND007,Innaarsuit,202
2012,ND007,Kangersuatsiaq,267
2012,ND007,Nutaarmiut,306
2012,ND007,Upernavik,272
2012,ND008,"Ikerasaarsuk, Upernavik",215
2012,ND008,Innaarsuit,236
2012,ND008,Kangersuatsiaq,261
2012,ND008,Kullorsuaq,236
2012,ND008,Nutaarmiut,238
2012,ND008,Upernavik,306
2012,ND008,Upernavik Kujalleq,229
2012,ND009,Upernavik,217
2012,NG004,Upernavik,252
2012,NG005,Kullorsuaq,237
2012,NG005,Upernavik,212
2012,NG006,Kullorsuaq,236
2012,NG006,Upernavik,254
2012,NG007,Upernavik,254
2012,NH004,Kullorsuaq,259
2012,NH004,Upernavik,254
2012,NH005,Upernavik,208
2012,NH006,Upernavik,247
2012,NH007,Kullorsuaq,229
2012,NH007,Upernavik,254
2012,NH007,Upernavik Kujalleq,222
2012,NM003,Kullorsuaq,314
2012,NM003,Upernavik,287
2012,NM004,Kullorsuaq,259
2012,NM005,Kullorsuaq,299
2012,NM006,Kullorsuaq,306
2012,NM006,Upernavik Kujalleq,208
2012,NN003,Kullorsuaq,264
2012,NN004,Kullorsuaq,313
2012,NN004,Upernavik,289
2012,NN005,Kullorsuaq,309
2012,NN005,Upernavik,299
2012,NN006,Kullorsuaq,313
2012,NN006,Upernavik,309
2012,NN007,Kullorsuaq,309
2012,NN007,Upernavik,299
2012,NN007,Upernavik Kujalleq,201
2013,600B3,Sermiligaaq,257
2013,KE019,Itilleq,222
2013,LB023,Akunnaaq,253
2013,LB023,Ikamiut,251
2013,LD021,Uummannaq,241
2013,LD023,Akunnaaq,251
2013,LD024,Akunnaaq,234
2013,LD028,Qasigiannguit,258
2013,LF019,Qeqertarsuaq,277
2013,LG018,Qeqertarsuaq,251
2013,LG028,Ilulissat,251
2013,LG029,Ilulissat,143
2013,LG030,Ilulissat,287
2013,LG031,Ilulissat,279
2013,LH018,Qeqertarsuaq,252
2013,LH019,Qeqertarsuaq,245
2013,LN025,Saqqaq,214
2013,LN026,Saqqaq,239
2013,LN027,Qasigiannguit,225
2013,LN027,Qeqertaq,228
2013,LN027,Saattut,225
2013,LN028,Qeqertaq,252
2013,LN028,Saattut,221
2013,LP025,Saqqaq,242
2013,LP026,Saqqaq,242
2013,LP027,Qeqertaq,217
2013,LP028,Qasigiannguit,238
2013,LP028,Qeqertaq,269
2013,LP028,Saattut,245
2013,LT026,Ikerasak,280
2013,LT027,Ikerasak,280
2013,LT027,Ilulissat,232
2013,LT027,Uummannaq,256
2013,LT028,Ikerasak,276
2013,LT028,Uummannaq,251
2013,LT029,Ikerasak,276
2013,LV024,Ilulissat,252
2013,LV024,Qaarsut,242
2013,LV024,Uummannaq,255
2013,LV025,Ikerasak,220
2013,LV025,Qaarsut,239
2013,LV025,Uummannaq,264
2013,LV026,Ikerasak,256
2013,LV026,Illorsuit,224
2013,LV026,Qaarsut,264
2013,LV026,Uummannaq,250
2013,LV027,Ikerasak,280
2013,LV027,Illorsuit,235
2013,LV027,Ilulissat,256
2013,LV027,Saattut,252
2013,LV027,Uummannaq,237
2013,LV028,Ikerasak,251
2013,LV028,Saattut,264
2013,LV028,Uummannaq,272
2013,LV029,Nuugaatsiaq,232
2013,LX022,Qaarsut,267
2013,LX023,Qaarsut,269
2013,LX023,Uummannaq,280
2013,LX024,Ikerasak,257
2013,LX024,Illorsuit,234
2013,LX024,Ilulissat,249
2013,LX024,Niaqornat,257
2013,LX024,Qaarsut,280
2013,LX024,Saattut,278
2013,LX024,Uummannaq,280
2013,LX025,Illorsuit,228
2013,LX025,Niaqornat,217
2013,LX025,Qaarsut,238
2013,LX025,Saattut,253
2013,LX025,Uummannaq,280
2013,LX026,Illorsuit,230
2013,LX026,Nuugaatsiaq,218
2013,LX026,Saattut,256
2013,LX026,Uummannaq,280
2013,LX027,Ikerasak,242
2013,LX027,Niaqornat,231
2013,LX027,Saattut,279
2013,LX027,Ukkusissat,265
2013,LX027,Uummannaq,251
2013,LX028,Ikerasak,239
2013,LX028,Saattut,256
2013,LX028,Uummannaq,245
2013,LZ018,Niaqornat,249
2013,LZ022,Qaarsut,280
2013,LZ023,Qaarsut,264
2013,LZ024,Saattut,266
2013,LZ025,Saattut,280
2013,LZ025,Uummannaq,273
2013,LZ026,Niaqornat,266
2013,LZ026,Nuugaatsiaq,220
2013,LZ026,Saattut,280
2013,LZ026,Uummannaq,231
2013,LZ027,Illorsuit,249
2013,LZ027,Saattut,255
2013,LZ027,Uummannaq,218
2013,LZ028,Saattut,228
2013,MA024,Ukkusissat,279
2013,MA025,Niaqornat,264
2013,MA025,Saattut,264
2013,MA025,Ukkusissat,267
2013,MA025,Uummannaq,280
2013,MA026,Niaqornat,256
2013,MA026,Saattut,280
2013,MA027,Niaqornat,234
2013,MA027,Saattut,266
2013,MA028,Ukkusissat,218
2013,MA029,Saattut,203
2013,MB024,Nuugaatsiaq,256
2013,MB024,Ukkusissat,271
2013,MB025,Saattut,245
2013,MB025,Ukkusissat,271
2013,MB026,Nuugaatsiaq,182
2013,MB026,Ukkusissat,222
2013,MB027,Ukkusissat,256
2013,MB028,Ukkusissat,213
2013,MD019,Illorsuit,235
2013,MF019,Nuugaatsiaq,315
2013,MF020,Nuugaatsiaq,308
2013,MF020,Uummannaq,286
2013,MF021,Nuugaatsiaq,256
2013,MG019,Nuugaatsiaq,295
2013,MG021,Nuugaatsiaq,284
2013,MG022,Nuugaatsiaq,266
2013,MG023,Nuugaatsiaq,295
2013,MM011,Naajaat,217
2013,MM011,Upernavik Kujalleq,291
2013,MM012,Upernavik Kujalleq,266
2013,MN012,Upernavik Kujalleq,258
2013,MN013,Upernavik Kujalleq,294
2013,MT010,Upernavik,253
2013,MV010,Upernavik,265
2013,MV013,Innaarsuit,141
2013,MX008,Innaarsuit,270
2013,MX009,Innaarsuit,280
2013,MX009,Naajaat,281
2013,MX009,Nuuk,267
2013,MX009,Upernavik,280
2013,MX009,Upernavik Kujalleq,280
2013,MX010,Innaarsuit,271
2013,MX010,Nuuk,271
2013,MX010,Upernavik,272
2013,MZ008,Innaarsuit,284
2013,MZ008,Kangersuatsiaq,280
2013,MZ008,Nuuk,280
2013,MZ008,Upernavik,249
2013,MZ009,Innaarsuit,285
2013,MZ009,Naajaat,291
2013,MZ009,Nuuk,267
2013,MZ009,Upernavik,267
2013,MZ010,Innaarsuit,280
2013,MZ010,Naajaat,242
2013,MZ010,Nuuk,274
2013,MZ010,Upernavik,271
2013,MZ010,Upernavik Kujalleq,267
2013,MZ011,Innaarsuit,236
2013,NA008,Innaarsuit,284
2013,NA008,Nutaarmiut,230
2013,NA008,Upernavik,286
2013,NB007,Upernavik,271
2013,NB008,Innaarsuit,278
2013,NB008,Kullorsuaq,245
2013,NB008,Nutaarmiut,239
2013,NB008,Upernavik,286
2013,NB009,Upernavik,284
2013,ND007,"Ikerasaarsuk, Upernavik",284
2013,ND007,Innaarsuit,225
2013,ND007,Kangersuatsiaq,265
2013,ND007,Kullorsuaq,291
2013,ND007,Nutaarmiut,291
2013,ND007,Upernavik,270
2013,ND008,Kangersuatsiaq,264
2013,ND008,Kullorsuaq,267
2013,ND008,Nutaarmiut,273
2013,ND008,Upernavik,291
2013,ND009,Upernavik,281
2013,NG006,Upernavik,235
2013,NG007,Kullorsuaq,208
2013,NG007,Upernavik,239
2013,NH005,Upernavik,235
2013,NH006,Upernavik,230
2013,NH007,Upernavik,217
2013,NH008,Upernavik,214
2013,NM003,Kullorsuaq,287
2013,NM004,Kullorsuaq,193
2013,NM005,Kullorsuaq,230
2013,NM006,Kullorsuaq,216
2013,NM006,Upernavik,242
2013,NN003,Kullorsuaq,284
2013,NN004,Kullorsuaq,286
2013,NN004,Upernavik,287
2013,NN005,Kullorsuaq,287
2013,NN005,Upernavik,274
2013,NN006,Kullorsuaq,287
2013,NN006,Kulusuk,144
2013,NN006,Naajaat,144
2013,NN006,Upernavik,278
2013,NN007,Kullorsuaq,287
2013,NN007,Upernavik,278
2013,PP390,Qaanaaq,235
2013,PP391,Qaanaaq,225
2013,PR396,Qaanaaq,300
2013,PS394,Qaanaaq,215
2013,PS395,Qaanaaq,319
2013,PS395,Siorapaluk,333
2013,PS396,Qaanaaq,323
2013,PS396,Siorapaluk,322
2013,PS404,Qaanaaq,305
2013,PS404,Qeqertat,229
2013,PS404,Siorapaluk,258
2013,PS405,Qaanaaq,225
2013,PS405,Qeqertat,270
2013,PS405,Siorapaluk,295
2013,PT398,Qaanaaq,294
2013,PT404,Qaanaaq,200
2013,PT404,Qeqertat,200
2013,PT404,Siorapaluk,186
2013,PT405,Qaanaaq,308
2013,PT405,Qeqertat,302
2013,PT405,Siorapaluk,309
2013,PT406,Qaanaaq,224
2013,PT406,Qeqertat,329
2013,PT406,Siorapaluk,223
2014,KE019,Itilleq,216
2014,KH020,Sarfannguit,221
2014,KH021,Sarfannguit,242
2014,KH021,Sisimiut,227
2014,KS018,Attu,214
2014,KT018,Kangaatsiaq,209
2014,KT019,Iginniarfik,208
2014,KT019,"Ikerasaarsuk, Kangaatsiaq",204
2014,KT019,Kangaatsiaq,212
2014,KT020,Iginniarfik,211
2014,KT020,"Ikerasaarsuk, Kangaatsiaq",182
2014,KV019,"Ikerasaarsuk, Kangaatsiaq",212
2014,KV019,Kangaatsiaq,188
2014,KV020,"Ikerasaarsuk, Kangaatsiaq",206
2014,KX020,Kangaatsiaq,237
2014,LA026,Saattut,242
2014,LB022,Akunnaaq,231
2014,LB023,Akunnaaq,259
2014,LB024,Akunnaaq,259
2014,LB025,Ikamiut,285
2014,LB028,Qasigiannguit,255
2014,LD022,Aasiaat,226
2014,LD022,Akunnaaq,234
2014,LD023,Akunnaaq,261
2014,LD026,Qasigiannguit,214
2014,LD027,Qasigiannguit,255
2014,LD028,Qasigiannguit,265
2014,LE027,Ilulissat,250
2014,LE028,Qasigiannguit,234
2014,LF026,Ilimanaq,214
2014,LF028,Ilimanaq,262
2014,LG018,Qeqertarsuaq,227
2014,LG028,Ilulissat,240
2014,LG029,Ilulissat,242
2014,LG030,Ilimanaq,249
2014,LG030,Ilulissat,303
2014,LG030,Nuuk,242
2014,LG030,Qasigiannguit,228
2014,LG031,Ilulissat,268
2014,LH018,Qeqertarsuaq,227
2014,LH019,Qeqertarsuaq,271
2014,LL027,Ikerasak,220
2014,LN024,Qeqertaq,227
2014,LN024,Saqqaq,238
2014,LN025,Qeqertaq,238
2014,LN025,Saqqaq,243
2014,LN026,Ilulissat,195
2014,LN026,Saqqaq,234
2014,LN027,Ilulissat,213
2014,LN027,Qeqertaq,269
2014,LN027,Saattut,223
2014,LN027,Saqqaq,220
2014,LN028,Ilulissat,262
2014,LN028,Qeqertaq,269
2014,LN028,Saattut,195
2014,LN028,Saqqaq,199
2014,LN029,Qeqertaq,251
2014,LP024,Saqqaq,238
2014,LP025,Saqqaq,213
2014,LP026,Saqqaq,221
2014,LP028,Qeqertaq,271
2014,LT026,Ikerasak,269
2014,LT026,Qaarsut,198
2014,LT027,Ikerasak,277
2014,LT028,Ikerasak,275
2014,LT028,Qeqertaq,220
2014,LT028,Uummannaq,217
2014,LV024,Ikerasak,268
2014,LV024,Niaqornat,233
2014,LV024,Qaarsut,222
2014,LV024,Saattut,270
2014,LV024,Uummannaq,275
2014,LV025,Niaqornat,226
2014,LV025,Qaarsut,231
2014,LV025,Qeqertaq,269
2014,LV025,Uummannaq,266
2014,LV026,Ikerasak,275
2014,LV026,Niaqornat,213
2014,LV026,Qaarsut,240
2014,LV026,Saattut,266
2014,LV026,Upernavik,266
2014,LV026,Uummannaq,277
2014,LV027,Ikerasak,277
2014,LV027,Illorsuit,209
2014,LV027,Ilulissat,257
2014,LV027,Uummannaq,241
2014,LV028,Ikerasak,257
2014,LV028,Uummannaq,270
2014,LV029,Ikerasak,269
2014,LV029,Saattut,242
2014,LV029,Uummannaq,260
2014,LX021,Qaarsut,284
2014,LX021,Uummannaq,284
2014,LX022,Qaarsut,278
2014,LX023,Ikerasak,275
2014,LX023,Niaqornat,262
2014,LX023,Qaarsut,284
2014,LX023,Qeqertaq,282
2014,LX023,Saattut,280
2014,LX023,Upernavik Kujalleq,220
2014,LX023,Uummannaq,284
2014,LX024,Ikerasak,281
2014,LX024,Illorsuit,289
2014,LX024,Niaqornat,265
2014,LX024,Qaarsut,277
2014,LX024,Saattut,280
2014,LX024,Ukkusissat,277
2014,LX024,Upernavik,275
2014,LX024,Upernavik Kujalleq,223
2014,LX024,Uummannaq,306
2014,LX025,Ikerasak,280
2014,LX025,Niaqornat,269
2014,LX025,Qaarsut,201
2014,LX025,Saattut,268
2014,LX025,Uummannaq,277
2014,LX026,Ikerasak,276
2014,LX026,Qaarsut,208
2014,LX026,Saattut,277
2014,LX026,Upernavik,254
2014,LX026,Uummannaq,265
2014,LX027,Ikerasak,276
2014,LX027,Qaarsut,272
2014,LX027,Saattut,284
2014,LX027,Uummannaq,205
2014,LX028,Ikerasak,224
2014,LX028,Niaqornat,265
2014,LX028,Saattut,254
2014,LX029,Ikerasak,270
2014,LX029,Saattut,252
2014,LZ020,Qaarsut,272
2014,LZ020,Saattut,188
2014,LZ021,Ikerasak,279
2014,LZ021,Qaarsut,284
2014,LZ022,Qaarsut,282
2014,LZ022,Saattut,284
2014,LZ023,Niaqornat,276
2014,LZ023,Qaarsut,279
2014,LZ023,Saattut,273
2014,LZ023,Uummannaq,254
2014,LZ024,Nuugaatsiaq,277
2014,LZ024,Qaarsut,259
2014,LZ024,Saattut,257
2014,LZ024,Ukkusissat,277
2014,LZ024,Upernavik Kujalleq,223
2014,LZ024,Uummannaq,284
2014,LZ025,Niaqornat,215
2014,LZ025,Nuugaatsiaq,269
2014,LZ025,Saattut,284
2014,LZ026,Nuugaatsiaq,199
2014,LZ026,Qaarsut,241
2014,LZ026,Saattut,293
2014,LZ026,Upernavik Kujalleq,216
2014,LZ026,Uummannaq,249
2014,LZ027,Ikerasak,268
2014,LZ027,Nuugaatsiaq,249
2014,LZ027,Saattut,276
2014,LZ027,Upernavik Kujalleq,210
2014,LZ028,Ikerasak,202
2014,LZ028,Nuugaatsiaq,217
2014,LZ028,Saattut,270
2014,LZ028,Uummannaq,231
2014,LZ029,Saattut,254
2014,MA009,Naajaat,206
2014,MA022,Qaarsut,272
2014,MA022,Uummannaq,282
2014,MA023,Uummannaq,276
2014,MA024,Saattut,275
2014,MA024,Ukkusissat,284
2014,MA025,Ukkusissat,268
2014,MA026,Saattut,279
2014,MA027,Nuugaatsiaq,181
2014,MA027,Saattut,213
2014,MA028,Ukkusissat,265
2014,MB008,Upernavik,227
2014,MB019,Illorsuit,289
2014,MB022,Ukkusissat,284
2014,MB023,Ukkusissat,258
2014,MB024,Ukkusissat,283
2014,MB025,Ukkusissat,282
2014,MB026,Nuugaatsiaq,276
2014,MB026,Ukkusissat,348
2014,MB027,Ukkusissat,265
2014,MB028,Ukkusissat,283
2014,MD019,Illorsuit,308
2014,MD019,Ukkusissat,289
2014,MD019,Uummannaq,307
2014,MD020,Illorsuit,295
2014,MD020,Ukkusissat,280
2014,MD023,Ukkusissat,266
2014,MD024,Ukkusissat,259
2014,MD025,Ukkusissat,284
2014,ME019,Illorsuit,307
2014,ME020,Illorsuit,262
2014,ME021,Illorsuit,250
2014,MF019,Illorsuit,257
2014,MF019,Nuugaatsiaq,308
2014,MF020,Illorsuit,255
2014,MF020,Nuugaatsiaq,262
2014,MF021,Illorsuit,267
2014,MF021,Nuugaatsiaq,304
2014,MG018,Nuugaatsiaq,298
2014,MG019,Nuugaatsiaq,307
2014,MG020,Nuugaatsiaq,308
2014,MG020,Ukkusissat,298
2014,MG021,Illorsuit,294
2014,MG021,Nuugaatsiaq,308
2014,MG021,Saattut,298
2014,MG021,Ukkusissat,272
2014,MG021,Uummannaq,294
2014,MG022,Illorsuit,308
2014,MG022,Nuugaatsiaq,305
2014,MG022,Qeqertaq,246
2014,MG022,Saattut,291
2014,MG022,Ukkusissat,290
2014,MG022,Uummannaq,308
2014,MH006,Upernavik,223
2014,MM004,Kullorsuaq,241
2014,MM007,Upernavik Kujalleq,199
2014,MM010,Upernavik Kujalleq,255
2014,MM011,Naajaat,206
2014,MM011,Upernavik Kujalleq,259
2014,MM012,Kangersuatsiaq,227
2014,MM012,Naajaat,209
2014,MM012,Upernavik Kujalleq,259
2014,MN003,Kullorsuaq,237
2014,MN012,Upernavik Kujalleq,237
2014,MN013,Upernavik Kujalleq,223
2014,MS007,Upernavik,216
2014,MS008,Upernavik,228
2014,MT007,Upernavik,234
2014,MT008,Upernavik,265
2014,MT009,Upernavik,234
2014,MT010,Upernavik,231
2014,MT015,Kangersuatsiaq,37
2014,MV007,Upernavik,213
2014,MV009,Naajaat,185
2014,MV009,Upernavik,269
2014,MV010,Upernavik,272
2014,MV011,Upernavik,223
2014,MV012,Upernavik,262
2014,MV013,Upernavik,272
2014,MX008,Innaarsuit,262
2014,MX008,Kangersuatsiaq,262
2014,MX009,Innaarsuit,290
2014,MX009,Kangersuatsiaq,220
2014,MX009,Naajaat,269
2014,MX009,Upernavik,255
2014,MX010,Innaarsuit,185
2014,MX011,Naajaat,251
2014,MX011,Upernavik Kujalleq,276
2014,MZ006,Kangersuatsiaq,236
2014,MZ007,Innaarsuit,234
2014,MZ008,Innaarsuit,294
2014,MZ008,Kangersuatsiaq,293
2014,MZ008,Naajaat,185
2014,MZ008,Upernavik,265
2014,MZ008,Upernavik Kujalleq,283
2014,MZ009,Innaarsuit,293
2014,MZ009,Kangersuatsiaq,206
2014,MZ009,Naajaat,294
2014,MZ009,Upernavik,283
2014,MZ009,Upernavik Kujalleq,220
2014,MZ010,Innaarsuit,280
2014,MZ010,Kangersuatsiaq,283
2014,MZ010,Naajaat,290
2014,MZ010,Upernavik,276
2014,MZ010,Upernavik Kujalleq,230
2014,MZ011,Innaarsuit,276
2014,MZ011,Naajaat,255
2014,MZ011,Upernavik,276
2014,MZ011,Upernavik Kujalleq,271
2014,MZ012,Innaarsuit,234
2014,NA004,Upernavik Kujalleq,235
2014,NA005,Upernavik,164
2014,NA008,Innaarsuit,206
2014,NA008,Upernavik,285
2014,NA008,Upernavik Kujalleq,250
2014,NA009,Innaarsuit,241
2014,NA009,Upernavik,241
2014,NB007,Upernavik,243
2014,NB008,Kullorsuaq,203
2014,NB008,Upernavik,287
2014,NB009,Upernavik,238
2014,ND007,"Ikerasaarsuk, Upernavik",301
2014,ND007,Kangersuatsiaq,300
2014,ND007,Nutaarmiut,301
2014,ND007,Upernavik,301
2014,ND007,Upernavik Kujalleq,298
2014,ND008,Innaarsuit,276
2014,ND008,Kangersuatsiaq,241
2014,ND008,Kullorsuaq,215
2014,ND008,Nutaarmiut,290
2014,ND008,Upernavik,290
2014,ND008,Upernavik Kujalleq,277
2014,ND009,Kullorsuaq,227
2014,ND009,Upernavik,229
2014,ND010,Upernavik,276
2014,ND010,Upernavik Kujalleq,276
2014,NG005,Upernavik,271
2014,NG006,Upernavik,276
2014,NG007,Upernavik,272
2014,NH004,Upernavik,276
2014,NH005,Upernavik,272
2014,NH006,Upernavik,276
2014,NH007,Upernavik,270
2014,NM003,Kullorsuaq,311
2014,NM003,Upernavik,242
2014,NM004,Kullorsuaq,280
2014,NM005,Kullorsuaq,276
2014,NM006,Kullorsuaq,271
2014,NM007,Kullorsuaq,277
2014,NM008,Upernavik,212
2014,NN003,Kullorsuaq,280
2014,NN004,Kullorsuaq,311
2014,NN004,Upernavik,222
2014,NN005,Kullorsuaq,311
2014,NN005,Upernavik,206
2014,NN006,Kullorsuaq,311
2014,NN006,Upernavik,230
2014,NN007,Kullorsuaq,241
2014,NZ009,Upernavik Kujalleq,206
2014,PR393,Qaanaaq,276
2014,PR395,Qaanaaq,283
2014,PR396,Qaanaaq,293
2014,PR397,Qaanaaq,293
2014,PR398,Qaanaaq,216
2014,PR406,Qaanaaq,180
2014,PS394,Qaanaaq,237
2014,PS395,Qaanaaq,293
2014,PS395,Qeqertat,209
2014,PS395,Siorapaluk,293
2014,PS396,Qaanaaq,293
2014,PS396,Siorapaluk,230
2014,PS397,Qaanaaq,206
2014,PS405,Qaanaaq,290
2014,PS405,Qeqertat,290
2014,PT398,Qaanaaq,292
2014,PT401,Qaanaaq,199
2014,PT404,Qaanaaq,287
2014,PT404,Qeqertat,236
2014,PT405,Qaanaaq,293
2014,PT405,Qeqertat,293
2014,PT405,Savissivik,278
2014,PT405,Siorapaluk,290
2014,PT406,Qaanaaq,279
2014,PT406,Siorapaluk,220
2015,LB023,Ilulissat,255
2015,LG028,Ilulissat,204
2015,LG029,Ilulissat,197
2015,LG030,Ilulissat,265
2015,LG030,Oqaatsut,201
2015,LG031,Ilulissat,199
2015,LH019,Qeqertarsuaq,206
2015,LJ019,Qeqertarsuaq,198
2015,LN025,Saqqaq,200
2015,LN026,Saqqaq,199
2015,LN027,Qeqertaq,323
2015,LN027,Saqqaq,200
2015,LN028,Qeqertaq,205
2015,LP025,Saqqaq,198
2015,LP027,Qeqertaq,205
2015,LP028,Qeqertaq,205
2015,LT026,Ikerasak,198
2015,LT026,Uummannaq,244
2015,LT027,Ikerasak,263
2015,LT028,Ikerasak,250
2015,LT028,Uummannaq,227
2015,LT029,Ikerasak,350
2015,LV024,Qaarsut,242
2015,LV024,Uummannaq,251
2015,LV025,Niaqornat,232
2015,LV025,Qaarsut,255
2015,LV025,Uummannaq,234
2015,LV026,Ikerasak,254
2015,LV026,Saattut,181
2015,LV026,Uummannaq,227
2015,LV027,Ikerasak,264
2015,LV027,Ilulissat,202
2015,LV027,Qaarsut,194
2015,LV027,Saattut,230
2015,LV027,Saqqaq,211
2015,LV027,Ukkusissat,232
2015,LV027,Uummannaq,226
2015,LV028,Ikerasak,225
2015,LV028,Niaqornat,253
2015,LV028,Qaarsut,179
2015,LV028,Saattut,141
2015,LV028,Uummannaq,207
2015,LV029,Niaqornat,257
2015,LV029,Qaarsut,178
2015,LV029,Uummannaq,209
2015,LX023,Qaarsut,249
2015,LX023,Ukkusissat,234
2015,LX023,Uummannaq,251
2015,LX024,Illorsuit,220
2015,LX024,Niaqornat,251
2015,LX024,Nuugaatsiaq,250
2015,LX024,Qaarsut,251
2015,LX024,Saattut,250
2015,LX024,Ukkusissat,250
2015,LX024,Uummannaq,307
2015,LX025,Qaarsut,253
2015,LX025,Saattut,215
2015,LX025,Uummannaq,254
2015,LX026,Qaarsut,251
2015,LX026,Saattut,270
2015,LX026,Uummannaq,251
2015,LX027,Ikerasak,254
2015,LX027,Ilulissat,253
2015,LX027,Qaarsut,164
2015,LX027,Saattut,258
2015,LX027,Uummannaq,253
2015,LX028,Ikerasak,205
2015,LX028,Qaarsut,248
2015,LX028,Saattut,255
2015,LX028,Uummannaq,233
2015,LX029,Ikerasak,253
2015,LX029,Saattut,193
2015,LZ022,Qaarsut,208
2015,LZ022,Saattut,200
2015,LZ023,Qaarsut,209
2015,LZ024,Uummannaq,234
2015,LZ025,Niaqornat,226
2015,LZ025,Qaarsut,243
2015,LZ025,Saattut,258
2015,LZ026,Niaqornat,230
2015,LZ026,Nuugaatsiaq,157
2015,LZ026,Saattut,277
2015,LZ026,Ukkusissat,275
2015,LZ026,Uummannaq,258
2015,LZ027,Saattut,271
2015,LZ028,Nuugaatsiaq,176
2015,LZ028,Saattut,202
2015,LZ028,Ukkusissat,272
2015,LZ028,Uummannaq,251
2015,LZ029,Saattut,258
2015,MA020,Ukkusissat,238
2015,MA024,Qaarsut,244
2015,MA024,Saattut,271
2015,MA024,Ukkusissat,258
2015,MA024,Uummannaq,263
2015,MA025,Saattut,257
2015,MA025,Ukkusissat,255
2015,MA025,Uummannaq,233
2015,MA026,Saattut,272
2015,MA026,Ukkusissat,251
2015,MA027,Saattut,269
2015,MA027,Ukkusissat,269
2015,MA028,Ukkusissat,275
2015,MB023,Ukkusissat,192
2015,MB024,Ukkusissat,267
2015,MB025,Ukkusissat,275
2015,MB026,Ukkusissat,268
2015,MB026,Uummannaq,268
2015,MB027,Ukkusissat,271
2015,MB028,Ukkusissat,268
2015,MD024,Illorsuit,151
2015,MF019,Nuugaatsiaq,262
2015,MF020,Nuugaatsiaq,233
2015,MF020,Uummannaq,226
2015,MF021,Nuugaatsiaq,228
2015,MG019,Nuugaatsiaq,254
2015,MG019,Ukkusissat,242
2015,MG020,Nuugaatsiaq,272
2015,MG021,Nuugaatsiaq,270
2015,MG022,Nuugaatsiaq,268
2015,MG023,Nuugaatsiaq,223
2015,MM011,Naajaat,198
2015,MM011,Upernavik Kujalleq,233
2015,MM012,Kangersuatsiaq,205
2015,MM012,Naajaat,201
2015,MM012,Upernavik Kujalleq,233
2015,MN006,Kullorsuaq,187
2015,MN006,Upernavik,235
2015,MT010,Upernavik,231
2015,MV008,Innaarsuit,242
2015,MV008,Upernavik,225
2015,MV009,Innaarsuit,225
2015,MV009,Naajaat,249
2015,MV009,Upernavik,253
2015,MV010,Innaarsuit,179
2015,MV010,Upernavik,246
2015,MV011,Upernavik,220
2015,MV012,Upernavik,226
2015,MV013,Upernavik,223
2015,MX008,Innaarsuit,240
2015,MX009,Innaarsuit,249
2015,MX009,Kangersuatsiaq,270
2015,MX009,Kullorsuaq,222
2015,MX009,Naajaat,211
2015,MX009,Nuuk,227
2015,MX009,Upernavik,234
2015,MX009,Upernavik Kujalleq,263
2015,MX010,Innaarsuit,214
2015,MX010,Upernavik,247
2015,MX011,Innaarsuit,221
2015,MZ007,Innaarsuit,191
2015,MZ007,Kullorsuaq,213
2015,MZ008,Ilulissat,170
2015,MZ008,Innaarsuit,270
2015,MZ008,Kangersuatsiaq,272
2015,MZ008,Kullorsuaq,160
2015,MZ008,Naajaat,281
2015,MZ008,Nuuk,215
2015,MZ008,Upernavik,215
2015,MZ008,Upernavik Kujalleq,247
2015,MZ009,Ilulissat,231
2015,MZ009,Innaarsuit,278
2015,MZ009,Kangersuatsiaq,246
2015,MZ009,Kullorsuaq,281
2015,MZ009,Naajaat,288
2015,MZ009,Nuuk,237
2015,MZ009,Upernavik,225
2015,MZ009,Upernavik Kujalleq,270
2015,MZ010,Innaarsuit,263
2015,MZ010,Naajaat,275
2015,MZ010,Upernavik,281
2015,MZ010,Upernavik Kujalleq,231
2015,MZ011,Innaarsuit,237
2015,MZ011,Naajaat,270
2015,MZ011,Upernavik,221
2015,MZ011,Upernavik Kujalleq,266
2015,MZ012,Upernavik,203
2015,NA008,Ilulissat,227
2015,NA008,Innaarsuit,214
2015,NA008,Kullorsuaq,216
2015,NA008,Upernavik,296
2015,NA009,Innaarsuit,249
2015,NA009,Upernavik,190
2015,NB007,Upernavik,172
2015,NB008,Kullorsuaq,220
2015,NB008,Upernavik,282
2015,ND006,Nutaarmiut,297
2015,ND007,"Ikerasaarsuk, Upernavik",279
2015,ND007,Innaarsuit,233
2015,ND007,Kangersuatsiaq,241
2015,ND007,Kullorsuaq,186
2015,ND007,Nutaarmiut,284
2015,ND007,Upernavik,284
2015,ND008,Ilulissat,248
2015,ND008,Innaarsuit,226
2015,ND008,Kangersuatsiaq,233
2015,ND008,Kullorsuaq,233
2015,ND008,Nutaarmiut,282
2015,ND008,Upernavik,297
2015,ND009,Innaarsuit,235
2015,ND009,Nutaarmiut,186
2015,ND009,Upernavik,284
2015,ND010,Upernavik,160
2015,NE010,Innaarsuit,251
2015,NG006,Upernavik,156
2015,NG007,Upernavik,205
2015,NH006,Upernavik,163
2015,NH007,Upernavik,136
2015,NL005,Upernavik,222
2015,NM003,Kullorsuaq,286
2015,NM003,Upernavik,229
2015,NM004,Kullorsuaq,247
2015,NM005,Kullorsuaq,177
2015,NM006,Kullorsuaq,264
2015,NM007,Kullorsuaq,241
2015,NM007,Upernavik,242
2015,NN003,Kullorsuaq,251
2015,NN004,Kullorsuaq,296
2015,NN004,Upernavik,284
2015,NN005,Innaarsuit,264
2015,NN005,Kullorsuaq,286
2015,NN006,Innaarsuit,271
2015,NN006,Kangersuatsiaq,275
2015,NN006,Kullorsuaq,286
2015,NN006,Upernavik,284
2015,NN007,Kullorsuaq,286
2015,NN007,Naajaat,142
2015,NN007,Upernavik,286
2015,PR392,Qaanaaq,251
2015,PR395,Qaanaaq,285
2015,PR396,Qaanaaq,306
2015,PR396,Savissivik,233
2015,PR397,Qaanaaq,284
2015,PR397,Qeqertat,235
2015,PR397,Siorapaluk,268
2015,PR398,Qaanaaq,227
2015,PS392,Qaanaaq,219
2015,PS394,Qaanaaq,177
2015,PS395,Qaanaaq,320
2015,PS395,Qeqertat,170
2015,PS395,Siorapaluk,275
2015,PS396,Qaanaaq,320
2015,PS397,Qaanaaq,319
2015,PS398,Qaanaaq,327
2015,PS405,Qaanaaq,208
2015,PS405,Qeqertat,297
2015,PS405,Siorapaluk,193
2015,PS406,Qaanaaq,208
2015,PS406,Qeqertat,194
2015,PT398,Qaanaaq,206
2015,PT405,Qaanaaq,297
2015,PT405,Qeqertat,296
2015,PT405,Siorapaluk,279
2015,PT406,Qaanaaq,276
2015,PT406,Qeqertat,243
2015,PT406,Siorapaluk,194
2016,KH021,Sarfannguit,189
2016,LA025,Ikamiut,276
2016,LA026,Saattut,192
2016,LB023,Akunnaaq,269
2016,LB023,Ikamiut,227
2016,LB024,Ikamiut,220
2016,LB025,Ikamiut,280
2016,LB025,Qasigiannguit,252
2016,LB026,Ikamiut,267
2016,LB027,Qasigiannguit,270
2016,LB028,Qasigiannguit,226
2016,LD024,Akunnaaq,248
2016,LD024,Qasigiannguit,267
2016,LD025,Akunnaaq,236
2016,LD026,Qasigiannguit,240
2016,LD027,Ikamiut,266
2016,LD027,Qasigiannguit,273
2016,LD028,Ikamiut,260
2016,LD028,Qasigiannguit,280
2016,LE027,Ikamiut,252
2016,LE027,Qasigiannguit,268
2016,LE028,Ikamiut,242
2016,LE028,Qasigiannguit,260
2016,LF026,Ilimanaq,240
2016,LF026,Qasigiannguit,233
2016,LF027,Ikamiut,231
2016,LF027,Qasigiannguit,249
2016,LF028,Ikamiut,261
2016,LF028,Ilimanaq,249
2016,LF028,Ilulissat,226
2016,LF028,Qasigiannguit,269
2016,LG018,Ilulissat,206
2016,LG018,Kangerluk,254
2016,LG018,Qeqertarsuaq,252
2016,LG021,Nuugaatsiaq,205
2016,LG028,Ilulissat,280
2016,LG028,Saqqaq,209
2016,LG029,Ilulissat,210
2016,LG029,Saqqaq,199
2016,LG030,Ilulissat,267
2016,LG030,Oqaatsut,196
2016,LG030,Qaarsut,191
2016,LG030,Qasigiannguit,199
2016,LG030,Saqqaq,218
2016,LG031,Ilulissat,286
2016,LG031,Qasigiannguit,199
2016,LH018,Qeqertarsuaq,210
2016,LH019,Qeqertarsuaq,210
2016,LH020,Qeqertarsuaq,257
2016,LH028,Ilulissat,190
2016,LJ015,Qeqertarsuaq,304
2016,LJ017,Kangerluk,227
2016,LN024,Saqqaq,231
2016,LN025,Saqqaq,224
2016,LN026,Saqqaq,209
2016,LN027,Qeqertaq,266
2016,LN028,Ikerasak,207
2016,LN028,Qeqertaq,252
2016,LN028,Saqqaq,242
2016,LP024,Saqqaq,226
2016,LP025,Saqqaq,210
2016,LP026,Saqqaq,225
2016,LP027,Qeqertaq,218
2016,LS029,Ikerasak,237
2016,LT025,Uummannaq,182
2016,LT026,Ikerasak,251
2016,LT027,Ikerasak,294
2016,LT027,Qeqertaq,289
2016,LT027,Ukkusissat,290
2016,LT027,Uummannaq,212
2016,LT028,Ikerasak,288
2016,LT028,Ukkusissat,267
2016,LT029,Ikerasak,279
2016,LV024,Qeqertaq,286
2016,LV024,Uummannaq,290
2016,LV025,Ikerasak,216
2016,LV025,Niaqornat,268
2016,LV025,Nuugaatsiaq,275
2016,LV025,Qeqertaq,276
2016,LV025,Saqqaq,241
2016,LV025,Uummannaq,276
2016,LV026,Ikerasak,280
2016,LV026,Qaarsut,280
2016,LV026,Uummannaq,272
2016,LV027,Ikerasak,290
2016,LV027,Qaarsut,279
2016,LV027,Qeqertaq,280
2016,LV027,Saattut,235
2016,LV027,Ukkusissat,251
2016,LV027,Upernavik Kujalleq,192
2016,LV027,Uummannaq,238
2016,LV028,Ikerasak,270
2016,LV028,Ukkusissat,239
2016,LV028,Upernavik,227
2016,LV028,Upernavik Kujalleq,184
2016,LV028,Uummannaq,274
2016,LV029,Ikerasak,252
2016,LV029,Niaqornat,273
2016,LX022,Qaarsut,288
2016,LX023,Nuugaatsiaq,267
2016,LX023,Qaarsut,288
2016,LX023,Uummannaq,291
2016,LX024,Aasiaat,265
2016,LX024,Ikerasak,231
2016,LX024,Illorsuit,276
2016,LX024,Niaqornat,281
2016,LX024,Nuugaatsiaq,269
2016,LX024,Qaarsut,290
2016,LX024,Qeqertaq,252
2016,LX024,Saattut,293
2016,LX024,Uummannaq,291
2016,LX025,Ikerasak,265
2016,LX025,Nuugaatsiaq,277
2016,LX025,Qaarsut,275
2016,LX025,Saattut,290
2016,LX025,Uummannaq,288
2016,LX026,Ikerasak,231
2016,LX026,Illorsuit,266
2016,LX026,Ilulissat,282
2016,LX026,Niaqornat,279
2016,LX026,Qaarsut,283
2016,LX026,Saattut,294
2016,LX026,Saqqaq,251
2016,LX026,Uummannaq,263
2016,LX027,Ikerasak,279
2016,LX027,Qaarsut,170
2016,LX027,Saattut,289
2016,LX027,Uummannaq,282
2016,LX028,Ikerasak,281
2016,LX028,Niaqornat,210
2016,LX028,Saattut,289
2016,LX028,Uummannaq,268
2016,LX029,Ikerasak,253
2016,LX029,Saattut,249
2016,LZ018,Uummannaq,275
2016,LZ020,Qaarsut,268
2016,LZ020,Qeqertaq,257
2016,LZ021,Qaarsut,286
2016,LZ022,Qaarsut,276
2016,LZ022,Saattut,286
2016,LZ022,Uummannaq,274
2016,LZ023,Qaarsut,289
2016,LZ023,Uummannaq,293
2016,LZ024,Qaarsut,283
2016,LZ024,Saattut,290
2016,LZ024,Uummannaq,293
2016,LZ025,Illorsuit,224
2016,LZ025,Saattut,294
2016,LZ025,Uummannaq,240
2016,LZ026,Ilulissat,289
2016,LZ026,Qaarsut,170
2016,LZ026,Saattut,319
2016,LZ026,Uummannaq,252
2016,LZ027,Saattut,291
2016,LZ028,Qaarsut,211
2016,LZ028,Saattut,279
2016,LZ028,Uummannaq,281
2016,LZ029,Saattut,287
2016,MA022,Qaarsut,217
2016,MA023,Uummannaq,268
2016,MA024,Ukkusissat,294
2016,MA025,Saattut,266
2016,MA025,Ukkusissat,291
2016,MA026,Saattut,283
2016,MA026,Ukkusissat,249
2016,MA026,Uummannaq,165
2016,MA027,Saattut,220
2016,MA027,Ukkusissat,213
2016,MA028,Saattut,254
2016,MB005,Ukkusissat,162
2016,MB007,Upernavik,247
2016,MB008,Upernavik,184
2016,MB022,Illorsuit,280
2016,MB023,Ukkusissat,295
2016,MB024,Nuugaatsiaq,252
2016,MB024,Ukkusissat,298
2016,MB024,Uummannaq,267
2016,MB025,Nuugaatsiaq,287
2016,MB025,Ukkusissat,303
2016,MB025,Uummannaq,280
2016,MB026,Saattut,234
2016,MB026,Ukkusissat,294
2016,MB026,Uummannaq,190
2016,MB027,Ukkusissat,218
2016,MB028,Nuugaatsiaq,282
2016,MB028,Ukkusissat,280
2016,MD008,Upernavik,224
2016,MD019,Illorsuit,294
2016,MD020,Illorsuit,247
2016,MD021,Ukkusissat,294
2016,MD022,Illorsuit,280
2016,MD022,Ukkusissat,213
2016,ME020,Illorsuit,239
2016,ME021,Illorsuit,245
2016,MF019,Illorsuit,219
2016,MF019,Nuugaatsiaq,241
2016,MF020,Illorsuit,218
2016,MF020,Nuugaatsiaq,288
2016,MF021,Illorsuit,290
2016,MF021,Nuugaatsiaq,260
2016,MG019,Illorsuit,289
2016,MG019,Nuugaatsiaq,290
2016,MG020,Nuugaatsiaq,288
2016,MG021,Illorsuit,266
2016,MG021,Nuugaatsiaq,270
2016,MG022,Illorsuit,288
2016,MG022,Nuugaatsiaq,275
2016,MG022,Qeqertaq,220
2016,MG022,Uummannaq,274
2016,MG023,Illorsuit,268
2016,MG023,Nuugaatsiaq,257
2016,MG023,Qeqertaq,232
2016,MH026,Nuugaatsiaq,220
2016,MM011,Kangersuatsiaq,196
2016,MM011,Upernavik,196
2016,MM011,Upernavik Kujalleq,196
2016,MN003,Kullorsuaq,270
2016,MN007,Upernavik,210
2016,MP008,Upernavik,228
2016,MT007,Upernavik,210
2016,MT008,Upernavik,211
2016,MT008,Upernavik Kujalleq,220
2016,MT009,Kangersuatsiaq,352
2016,MT010,Upernavik,214
2016,MT011,Upernavik,224
2016,MV010,Upernavik,254
2016,MV011,Upernavik,228
2016,MV012,Upernavik,261
2016,MV013,Upernavik,234
2016,MX008,Innaarsuit,186
2016,MX009,Innaarsuit,266
2016,MX009,Naajaat,266
2016,MX009,Upernavik,252
2016,MX010,Innaarsuit,233
2016,MX011,Innaarsuit,189
2016,MZ007,Innaarsuit,133
2016,MZ008,Innaarsuit,291
2016,MZ008,Naajaat,266
2016,MZ008,Nutaarmiut,249
2016,MZ008,Upernavik,136
2016,MZ009,Innaarsuit,266
2016,MZ009,Naajaat,266
2016,MZ009,Upernavik,241
2016,MZ010,Innaarsuit,266
2016,MZ010,Naajaat,266
2016,MZ010,Upernavik,266
2016,MZ011,Innaarsuit,262
2016,MZ011,Naajaat,266
2016,MZ012,Innaarsuit,252
2016,NA005,Upernavik,179
2016,NA008,Nutaarmiut,161
2016,NA008,Upernavik,280
2016,NA009,Innaarsuit,238
2016,NA009,Upernavik,266
2016,NA010,Upernavik,182
2016,NB007,Nutaarmiut,252
2016,NB007,Upernavik,263
2016,NB008,Innaarsuit,280
2016,NB008,Kullorsuaq,268
2016,NB008,Nutaarmiut,239
2016,NB008,Saattut,197
2016,NB008,Upernavik,277
2016,NB009,Kullorsuaq,254
2016,NB009,Upernavik,260
2016,ND006,Nutaarmiut,288
2016,ND006,Upernavik,288
2016,ND007,Innaarsuit,228
2016,ND007,Kangersuatsiaq,287
2016,ND007,Kullorsuaq,213
2016,ND007,Naajaat,247
2016,ND007,Nutaarmiut,288
2016,ND007,Saattut,165
2016,ND007,Upernavik,277
2016,ND007,Uummannaq,266
2016,ND008,"Ikerasaarsuk, Upernavik",189
2016,ND008,Innaarsuit,275
2016,ND008,Nutaarmiut,289
2016,ND008,Upernavik,296
2016,ND009,Innaarsuit,189
2016,ND009,Kullorsuaq,214
2016,ND009,Saattut,210
2016,ND009,Upernavik,275
2016,ND010,Upernavik,178
2016,NG004,Upernavik,210
2016,NG007,Innaarsuit,224
2016,NG007,Kangersuatsiaq,218
2016,NG007,Kullorsuaq,225
2016,NG007,Upernavik,234
2016,NG009,Upernavik,200
2016,NH004,Kangersuatsiaq,231
2016,NH004,Kullorsuaq,235
2016,NH004,Upernavik,235
2016,NH004,Uummannaq,235
2016,NH005,Kangersuatsiaq,235
2016,NH005,Upernavik,253
2016,NH005,Uummannaq,234
2016,NM003,Kullorsuaq,283
2016,NM004,Innaarsuit,274
2016,NM004,Kullorsuaq,280
2016,NM004,Upernavik,268
2016,NM005,Kullorsuaq,157
2016,NM006,Kullorsuaq,280
2016,NM007,Kullorsuaq,280
2016,NN003,Innaarsuit,245
2016,NN003,Kullorsuaq,283
2016,NN003,Upernavik,277
2016,NN004,Innaarsuit,249
2016,NN004,Kullorsuaq,283
2016,NN004,Upernavik,283
2016,NN005,Kangersuatsiaq,270
2016,NN005,Kullorsuaq,283
2016,NN005,Naajaat,130
2016,NN005,Upernavik,254
2016,NN006,Innaarsuit,269
2016,NN006,Kangersuatsiaq,283
2016,NN006,Kullorsuaq,283
2016,NN006,Naajaat,189
2016,NN006,Upernavik,253
2016,NN007,Innaarsuit,206
2016,NN007,Kullorsuaq,282
2016,NN007,Upernavik,274
2016,PR394,Qaanaaq,290
2016,PR395,Qaanaaq,261
2016,PR396,Qaanaaq,322
2016,PR397,Qaanaaq,301
2016,PR398,Qaanaaq,249
2016,PS392,Qaanaaq,254
2016,PS394,Qaanaaq,316
2016,PS395,Qaanaaq,330
2016,PS395,Qeqertat,296
2016,PS395,Siorapaluk,233
2016,PS396,Qaanaaq,330
2016,PS396,Qeqertat,301
2016,PS397,Qaanaaq,326
2016,PS398,Qaanaaq,221
2016,PS398,Qeqertat,315
2016,PS406,Qaanaaq,242
2016,PT398,Qaanaaq,241
2016,PT398,Qeqertat,325
2016,PT404,Qeqertat,212
2016,PT405,Qaanaaq,322
2016,PT405,Qeqertat,280
2016,PT405,Siorapaluk,262
2016,PT406,Qaanaaq,301
2016,PT406,Qeqertat,280
2016,PT406,Siorapaluk,287
2016,PT407,Qeqertat,241
2017,JV019,Kangaamiut,16
2017,KE019,Itilleq,227
2017,KH021,Sarfannguit,168
2017,KS018,Attu,251
2017,KS019,Attu,246
2017,LA025,Ikamiut,212
2017,LB018,Qasigiannguit,212
2017,LB022,Ikamiut,229
2017,LB023,Akunnaaq,224
2017,LB024,Akunnaaq,280
2017,LB024,Ikamiut,213
2017,LB025,Aasiaat,272
2017,LB025,Akunnaaq,272
2017,LB025,Ikamiut,268
2017,LB027,Qasigiannguit,250
2017,LB028,Ikamiut,220
2017,LB028,Qasigiannguit,267
2017,LD020,Qasigiannguit,267
2017,LD027,Qasigiannguit,272
2017,LD028,Qasigiannguit,268
2017,LD029,Qasigiannguit,257
2017,LE028,Qasigiannguit,265
2017,LF027,Qasigiannguit,275
2017,LF028,Qasigiannguit,272
2017,LG018,Qeqertarsuaq,251
2017,LG019,Qeqertarsuaq,248
2017,LG024,Ilulissat,209
2017,LG028,Ilulissat,295
2017,LG029,Ilulissat,189
2017,LG030,Ilulissat,289
2017,LG030,Qeqertaq,234
2017,LG031,Ilulissat,258
2017,LG031,Qeqertaq,230
2017,LG031,Saqqaq,185
2017,LH018,Qeqertarsuaq,265
2017,LH019,Qeqertarsuaq,261
2017,LH028,Ilulissat,168
2017,LH029,Ilulissat,157
2017,LN025,Saqqaq,204
2017,LN027,Qeqertaq,267
2017,LN027,Saqqaq,258
2017,LN028,Ilulissat,212
2017,LN028,Qeqertaq,255
2017,LN028,Saqqaq,226
2017,LN029,Qeqertaq,218
2017,LN029,Saqqaq,238
2017,LP024,Saqqaq,211
2017,LP027,Qeqertaq,253
2017,LP028,Ilulissat,230
2017,LP028,Qaarsut,261
2017,LP028,Qeqertaq,272
2017,LP028,Saqqaq,259
2017,LP029,Qeqertaq,257
2017,LS019,Uummannaq,261
2017,LS028,Qasigiannguit,239
2017,LS029,Ikerasak,230
2017,LT026,Ikerasak,283
2017,LT027,Ikerasak,296
2017,LT027,Qeqertaq,239
2017,LT027,Uummannaq,289
2017,LT028,Ikerasak,290
2017,LT028,Illorsuit,194
2017,LT028,Nuuk,185
2017,LT028,Qeqertaq,280
2017,LT029,Ikerasak,268
2017,LT029,Illorsuit,201
2017,LT029,Uummannaq,218
2017,LV023,Uummannaq,293
2017,LV024,Uummannaq,290
2017,LV025,Ikerasak,262
2017,LV025,Ilulissat,223
2017,LV025,Niaqornat,211
2017,LV025,Qaarsut,211
2017,LV025,Uummannaq,276
2017,LV026,Ikerasak,289
2017,LV026,Uummannaq,284
2017,LV027,Ikerasak,311
2017,LV027,Nuuk,188
2017,LV027,Qeqertaq,261
2017,LV027,Saattut,245
2017,LV027,Saqqaq,220
2017,LV028,Ikerasak,265
2017,LV028,Qeqertaq,234
2017,LV028,Saattut,265
2017,LV028,Uummannaq,239
2017,LV029,Ikerasak,225
2017,LV029,Saattut,238
2017,LV029,Uummannaq,254
2017,LX021,Qaarsut,290
2017,LX022,Qaarsut,275
2017,LX022,Uummannaq,278
2017,LX023,Qaarsut,288
2017,LX023,Qeqertaq,279
2017,LX023,Upernavik Kujalleq,247
2017,LX023,Uummannaq,289
2017,LX024,Illorsuit,199
2017,LX024,Ilulissat,217
2017,LX024,Niaqornat,294
2017,LX024,Nuuk,261
2017,LX024,Qaarsut,289
2017,LX024,Qasigiannguit,248
2017,LX024,Qeqertaq,224
2017,LX024,Saattut,290
2017,LX024,Saqqaq,283
2017,LX024,Ukkusissat,206
2017,LX024,Uummannaq,295
2017,LX025,Qaarsut,234
2017,LX025,Qeqertaq,272
2017,LX025,Saattut,276
2017,LX025,Uummannaq,294
2017,LX026,Ikerasak,290
2017,LX026,Illorsuit,196
2017,LX026,Qaarsut,229
2017,LX026,Qeqertaq,225
2017,LX026,Saattut,290
2017,LX026,Uummannaq,278
2017,LX027,Ikerasak,290
2017,LX027,Qaarsut,231
2017,LX027,Qeqertaq,213
2017,LX027,Saattut,294
2017,LX027,Saqqaq,220
2017,LX027,Uummannaq,276
2017,LX028,Ikerasak,250
2017,LX028,Saattut,234
2017,LX028,Uummannaq,247
2017,LX029,Ikerasak,281
2017,LX029,Saattut,227
2017,LX029,Uummannaq,198
2017,LZ017,Qeqertaq,283
2017,LZ018,Niaqornat,268
2017,LZ018,Qaarsut,268
2017,LZ018,Uummannaq,291
2017,LZ019,Saattut,267
2017,LZ019,Uummannaq,289
2017,LZ020,Qaarsut,289
2017,LZ020,Uummannaq,276
2017,LZ021,Ikerasak,283
2017,LZ021,Qaarsut,293
2017,LZ021,Qasigiannguit,266
2017,LZ021,Saattut,283
2017,LZ021,Uummannaq,293
2017,LZ022,Ikerasak,290
2017,LZ022,Qaarsut,290
2017,LZ022,Saattut,290
2017,LZ022,Uummannaq,293
2017,LZ023,Qaarsut,290
2017,LZ023,Qasigiannguit,251
2017,LZ023,Saattut,287
2017,LZ023,Saqqaq,273
2017,LZ023,Uummannaq,291
2017,LZ024,Niaqornat,225
2017,LZ024,Qaarsut,239
2017,LZ024,Qeqertaq,275
2017,LZ024,Saattut,295
2017,LZ024,Saqqaq,268
2017,LZ024,Uummannaq,291
2017,LZ025,Niaqornat,230
2017,LZ025,Saattut,296
2017,LZ025,Uummannaq,284
2017,LZ026,Qaarsut,229
2017,LZ026,Qeqertaq,267
2017,LZ026,Saattut,300
2017,LZ026,Uummannaq,262
2017,LZ027,Qaarsut,237
2017,LZ027,Qeqertaq,282
2017,LZ027,Saattut,290
2017,LZ027,Uummannaq,223
2017,LZ028,Qasigiannguit,227
2017,LZ028,Saattut,285
2017,LZ028,Uummannaq,260
2017,LZ029,Qasigiannguit,211
2017,LZ029,Saattut,290
2017,MA021,Qaarsut,291
2017,MA022,Uummannaq,281
2017,MA023,Qaarsut,288
2017,MA023,Saattut,290
2017,MA023,Uummannaq,289
2017,MA024,Saattut,290
2017,MA024,Saqqaq,274
2017,MA024,Ukkusissat,290
2017,MA025,Ukkusissat,294
2017,MA026,Saattut,295
2017,MA026,Ukkusissat,265
2017,MA026,Uummannaq,217
2017,MA027,Qeqertaq,195
2017,MA027,Saattut,217
2017,MA027,Ukkusissat,212
2017,MA028,Ukkusissat,261
2017,MB023,Ukkusissat,294
2017,MB024,Saattut,248
2017,MB024,Ukkusissat,295
2017,MB025,Saattut,245
2017,MB025,Ukkusissat,300
2017,MB026,Qasigiannguit,242
2017,MB026,Ukkusissat,294
2017,MB027,Qasigiannguit,266
2017,MB027,Ukkusissat,280
2017,MB028,Ukkusissat,286
2017,MD015,Uummannaq,283
2017,MD020,Illorsuit,7
2017,MD020,Saqqaq,294
2017,MD022,Ukkusissat,261
2017,MD023,Ukkusissat,272
2017,MD024,Ukkusissat,268
2017,MD025,Ukkusissat,252
2017,ME020,Saqqaq,289
2017,MG022,Uummannaq,279
2017,MG023,Uummannaq,278
2017,MM011,Kangersuatsiaq,206
2017,MM011,Upernavik Kujalleq,294
2017,MM012,Kangersuatsiaq,199
2017,MM012,Upernavik Kujalleq,199
2017,MN003,Kullorsuaq,232
2017,MT007,Kangersuatsiaq,225
2017,MT007,Naajaat,251
2017,MT007,Upernavik,252
2017,MT008,Kangersuatsiaq,239
2017,MT008,Upernavik,251
2017,MT010,Kangersuatsiaq,208
2017,MT010,Upernavik,266
2017,MT011,Kangersuatsiaq,217
2017,MV008,Upernavik,237
2017,MV010,Naajaat,267
2017,MV010,Upernavik,272
2017,MV011,Kangersuatsiaq,272
2017,MV011,Upernavik,254
2017,MV012,Upernavik,266
2017,MV013,Upernavik,260
2017,MX008,Innaarsuit,200
2017,MX009,Innaarsuit,283
2017,MX009,Naajaat,272
2017,MX009,Upernavik,201
2017,MX010,Innaarsuit,283
2017,MZ008,Innaarsuit,283
2017,MZ008,Kangersuatsiaq,283
2017,MZ008,Naajaat,301
2017,MZ008,Upernavik,210
2017,MZ009,Innaarsuit,283
2017,MZ009,Kangersuatsiaq,234
2017,MZ009,Naajaat,283
2017,MZ009,Upernavik,212
2017,MZ010,Innaarsuit,274
2017,MZ010,Naajaat,283
2017,MZ011,Innaarsuit,194
2017,NA007,Upernavik,283
2017,NA008,Innaarsuit,283
2017,NA008,Upernavik,288
2017,NA009,Innaarsuit,279
2017,NA009,Upernavik,279
2017,NB007,Upernavik,238
2017,NB008,Innaarsuit,233
2017,NB008,Upernavik,297
2017,NB009,Upernavik,254
2017,ND007,Innaarsuit,230
2017,ND007,Kangersuatsiaq,296
2017,ND007,Nutaarmiut,297
2017,ND007,Upernavik,296
2017,ND008,Innaarsuit,247
2017,ND008,Nutaarmiut,287
2017,ND008,Upernavik,296
2017,ND009,Nutaarmiut,254
2017,ND009,Upernavik,266
2017,ND010,Innaarsuit,237
2017,NG007,Kullorsuaq,185
2017,NG007,Upernavik,203
2017,NH004,Kangersuatsiaq,238
2017,NH004,Upernavik,259
2017,NH005,Upernavik,261
2017,NM003,Kangersuatsiaq,262
2017,NM003,Kullorsuaq,285
2017,NM004,Kullorsuaq,248
2017,NM005,Kullorsuaq,285
2017,NM006,Kangersuatsiaq,171
2017,NM006,Kullorsuaq,283
2017,NM006,Upernavik,266
2017,NN003,Kangersuatsiaq,211
2017,NN003,Kullorsuaq,285
2017,NN003,Naajaat,170
2017,NN003,Upernavik,231
2017,NN004,Innaarsuit,232
2017,NN004,Kullorsuaq,285
2017,NN004,Naajaat,195
2017,NN004,Upernavik,276
2017,NN005,Kullorsuaq,285
2017,NN005,Upernavik,256
2017,NN006,Kullorsuaq,283
2017,NN006,Upernavik,252
2017,NN007,Kullorsuaq,167
2017,NP003,Kullorsuaq,274
2017,NP004,Kullorsuaq,256
2017,PR395,Qaanaaq,266
2017,PR396,Qaanaaq,311
2017,PR397,Qaanaaq,304
2017,PR398,Qaanaaq,274
2017,PR406,Qaanaaq,239
2017,PR406,Qeqertat,239
2017,PR406,Siorapaluk,261
2017,PS393,Qaanaaq,309
2017,PS394,Qaanaaq,325
2017,PS395,Qaanaaq,331
2017,PS395,Savissivik,248
2017,PS395,Siorapaluk,169
2017,PS396,Qaanaaq,332
2017,PS396,Siorapaluk,177
2017,PS397,Qaanaaq,252
2017,PS404,Qeqertat,272
2017,PS405,Qaanaaq,252
2017,PS405,Qeqertat,239
2017,PS406,Qaanaaq,260
2017,PS406,Siorapaluk,246
2017,PT404,Siorapaluk,234
2017,PT405,Innaarsuit,259
2017,PT405,Qaanaaq,260
2017,PT405,Qeqertat,268
2017,PT405,Siorapaluk,283
2017,PT406,Qaanaaq,275
2017,PT406,Qeqertat,259
2017,PT406,Siorapaluk,251
2017,PT407,Innaarsuit,226
2017,PT407,Qaanaaq,275
2017,PT407,Qeqertat,268
2017,PT408,Qaanaaq,268
2017,PT408,Qeqertat,272
2018,KH021,Sarfannguit,232
2018,KS018,Attu,236
2018,LD027,Qasigiannguit,210
2018,LD028,Qasigiannguit,211
2018,LE026,Ikamiut,203
2018,LE027,Qasigiannguit,209
2018,LE028,Qasigiannguit,233
2018,LF028,Qasigiannguit,212
2018,LG018,Qeqertarsuaq,224
2018,LG019,Qeqertarsuaq,229
2018,LG028,Ilulissat,189
2018,LG028,Saqqaq,186
2018,LG030,Ilulissat,249
2018,LG030,Qeqertarsuaq,245
2018,LG030,Saqqaq,209
2018,LG031,Ilulissat,250
2018,LN026,Qeqertaq,240
2018,LN027,Qaarsut,211
2018,LN027,Qeqertaq,229
2018,LN027,Saqqaq,211
2018,LN028,Qeqertaq,240
2018,LN028,Saqqaq,211
2018,LN028,Uummannaq,205
2018,LN029,Qeqertaq,235
2018,LN030,Saqqaq,210
2018,LN030,Uummannaq,210
2018,LP024,Saqqaq,202
2018,LP027,Qeqertaq,238
2018,LP028,Qeqertaq,246
2018,LP029,Uummannaq,230
2018,LP030,Uummannaq,210
2018,LT026,Ikerasak,282
2018,LT026,Uummannaq,244
2018,LT027,Ikerasak,285
2018,LT027,Ilulissat,245
2018,LT027,Nuuk,170
2018,LT027,Qeqertaq,225
2018,LT027,Saqqaq,196
2018,LT027,Uummannaq,254
2018,LT028,Ikerasak,270
2018,LT028,Ilulissat,223
2018,LT028,Qeqertaq,244
2018,LT028,Saqqaq,218
2018,LT028,Uummannaq,274
2018,LT029,Ikerasak,229
2018,LT029,Ilulissat,211
2018,LT030,Ikerasak,238
2018,LV023,Qaarsut,198
2018,LV024,Niaqornat,175
2018,LV024,Saqqaq,186
2018,LV024,Uummannaq,270
2018,LV025,Ikerasak,239
2018,LV025,Ilulissat,253
2018,LV025,Niaqornat,244
2018,LV025,Qaarsut,254
2018,LV025,Qeqertaq,265
2018,LV025,Ukkusissat,179
2018,LV025,Uummannaq,268
2018,LV026,Ikerasak,278
2018,LV026,Saqqaq,229
2018,LV026,Uummannaq,270
2018,LV027,Ikerasak,284
2018,LV027,Ilulissat,247
2018,LV027,Nuuk,179
2018,LV027,Qaarsut,170
2018,LV027,Ukkusissat,183
2018,LV027,Uummannaq,278
2018,LV028,Ikerasak,262
2018,LV028,Saattut,216
2018,LV028,Uummannaq,213
2018,LV029,Ikerasak,243
2018,LV029,Niaqornat,180
2018,LX021,Qaarsut,270
2018,LX022,Qaarsut,270
2018,LX023,Niaqornat,274
2018,LX023,Qaarsut,276
2018,LX023,Qeqertaq,270
2018,LX023,Saattut,237
2018,LX023,Uummannaq,270
2018,LX024,Ikerasak,268
2018,LX024,Ilulissat,177
2018,LX024,Niaqornat,205
2018,LX024,Qaarsut,278
2018,LX024,Qeqertaq,250
2018,LX024,Saattut,278
2018,LX024,Saqqaq,240
2018,LX024,Ukkusissat,196
2018,LX024,Uummannaq,282
2018,LX025,Ikerasak,232
2018,LX025,Niaqornat,229
2018,LX025,Qaarsut,219
2018,LX025,Qeqertaq,247
2018,LX025,Saattut,225
2018,LX025,Uummannaq,276
2018,LX026,Ikerasak,256
2018,LX026,Ilulissat,222
2018,LX026,Qaarsut,272
2018,LX026,Saattut,278
2018,LX026,Uummannaq,271
2018,LX027,Ikerasak,274
2018,LX027,Saattut,277
2018,LX027,Ukkusissat,225
2018,LX027,Uummannaq,180
2018,LX028,Ikerasak,207
2018,LX028,Ilulissat,180
2018,LX028,Saattut,275
2018,LX028,Saqqaq,212
2018,LX028,Uummannaq,218
2018,LX029,Ikerasak,225
2018,LX029,Saattut,226
2018,LX029,Saqqaq,204
2018,LX029,Uummannaq,234
2018,LZ018,Niaqornat,254
2018,LZ018,Saattut,245
2018,LZ018,Uummannaq,253
2018,LZ019,Uummannaq,238
2018,LZ020,Qaarsut,254
2018,LZ020,Qeqertaq,254
2018,LZ020,Saattut,248
2018,LZ020,Uummannaq,251
2018,LZ021,Ikerasak,238
2018,LZ021,Qaarsut,270
2018,LZ021,Qeqertaq,239
2018,LZ021,Saattut,240
2018,LZ021,Uummannaq,256
2018,LZ022,Ikerasak,239
2018,LZ022,Qaarsut,270
2018,LZ022,Qasigiannguit,198
2018,LZ022,Qeqertaq,262
2018,LZ022,Saattut,249
2018,LZ022,Saqqaq,209
2018,LZ022,Ukkusissat,223
2018,LZ022,Uummannaq,253
2018,LZ023,Qaarsut,270
2018,LZ023,Qasigiannguit,212
2018,LZ023,Qeqertaq,217
2018,LZ023,Saattut,253
2018,LZ023,Uummannaq,255
2018,LZ024,Ikerasak,240
2018,LZ024,Niaqornat,224
2018,LZ024,Qaarsut,270
2018,LZ024,Qasigiannguit,211
2018,LZ024,Qeqertaq,208
2018,LZ024,Saattut,266
2018,LZ024,Saqqaq,268
2018,LZ024,Ukkusissat,240
2018,LZ024,Uummannaq,274
2018,LZ025,Qaarsut,241
2018,LZ025,Qeqertaq,205
2018,LZ025,Saattut,282
2018,LZ025,Ukkusissat,233
2018,LZ025,Uummannaq,277
2018,LZ026,Qeqertarsuaq,266
2018,LZ026,Saattut,282
2018,LZ026,Saqqaq,254
2018,LZ026,Ukkusissat,247
2018,LZ026,Uummannaq,254
2018,LZ027,Qasigiannguit,183
2018,LZ027,Saattut,277
2018,LZ027,Uummannaq,172
2018,LZ028,Ikerasak,253
2018,LZ028,Saattut,225
2018,LZ029,Ilulissat,197
2018,LZ029,Niaqornat,218
2018,LZ029,Saattut,272
2018,LZ029,Uummannaq,213
2018,MA018,Upernavik,243
2018,MA020,Qaarsut,254
2018,MA021,Qaarsut,256
2018,MA023,Saattut,252
2018,MA023,Saqqaq,252
2018,MA023,Uummannaq,251
2018,MA024,Saattut,251
2018,MA024,Ukkusissat,275
2018,MA024,Uummannaq,274
2018,MA025,Saattut,249
2018,MA025,Ukkusissat,274
2018,MA026,Saattut,277
2018,MA026,Ukkusissat,275
2018,MA027,Saattut,240
2018,MA028,Ukkusissat,258
2018,MB015,Uummannaq,198
2018,MB023,Saattut,240
2018,MB023,Ukkusissat,258
2018,MB024,Saattut,257
2018,MB024,Ukkusissat,280
2018,MB024,Uummannaq,177
2018,MB025,Qaarsut,160
2018,MB025,Saattut,267
2018,MB025,Ukkusissat,280
2018,MB025,Uummannaq,197
2018,MB026,Ukkusissat,275
2018,MB027,Ukkusissat,275
2018,MB028,Ukkusissat,270
2018,MB028,Uummannaq,274
2018,MD019,Uummannaq,232
2018,MD023,Ukkusissat,274
2018,MD024,Saattut,270
2018,MD024,Ukkusissat,267
2018,MG021,Qasigiannguit,238
2018,MG021,Uummannaq,257
2018,MG022,Saattut,256
2018,MG022,Uummannaq,277
2018,MM008,Kullorsuaq,191
2018,MM011,Kangersuatsiaq,244
2018,MM011,Naajaat,182
2018,MM011,Upernavik,243
2018,MM011,Upernavik Kujalleq,278
2018,MM012,Upernavik Kujalleq,232
2018,MP009,Kullorsuaq,201
2018,MR008,Upernavik,201
2018,MT007,Upernavik,203
2018,MT008,Upernavik,237
2018,MT009,Upernavik,203
2018,MT010,Innaarsuit,217
2018,MT010,Naajaat,205
2018,MT010,Nuuk,240
2018,MT010,Upernavik,245
2018,MV009,Upernavik,194
2018,MV010,Upernavik,258
2018,MV010,Upernavik Kujalleq,174
2018,MV011,Upernavik,243
2018,MV012,Upernavik,239
2018,MX008,Innaarsuit,273
2018,MX008,Upernavik,224
2018,MX009,Innaarsuit,275
2018,MX009,Kangersuatsiaq,245
2018,MX009,Naajaat,245
2018,MX009,Nuuk,177
2018,MX009,Upernavik,176
2018,MX010,Innaarsuit,268
2018,MX010,Upernavik,226
2018,MX011,Innaarsuit,234
2018,MZ007,Kullorsuaq,225
2018,MZ008,Innaarsuit,279
2018,MZ008,Kangersuatsiaq,253
2018,MZ008,Kullorsuaq,208
2018,MZ008,Naajaat,271
2018,MZ008,Sisimiut,194
2018,MZ008,Ukkusissat,271
2018,MZ009,Innaarsuit,286
2018,MZ009,Kangersuatsiaq,272
2018,MZ009,Kullorsuaq,219
2018,MZ009,Naajaat,281
2018,MZ009,Nuuk,184
2018,MZ009,Ukkusissat,138
2018,MZ009,Upernavik,226
2018,MZ010,Innaarsuit,273
2018,MZ010,Kangersuatsiaq,259
2018,MZ010,Naajaat,271
2018,MZ010,Sisimiut,224
2018,MZ010,Upernavik,226
2018,MZ011,Innaarsuit,244
2018,MZ011,Naajaat,207
2018,MZ011,Nuuk,233
2018,MZ012,Nuuk,236
2018,NA008,Innaarsuit,257
2018,NA008,Upernavik,268
2018,NA009,Innaarsuit,278
2018,NB007,Innaarsuit,254
2018,NB007,Nuuk,216
2018,NB007,Upernavik,243
2018,NB008,Innaarsuit,251
2018,NB008,Nuuk,243
2018,NB008,Upernavik,271
2018,NB009,Innaarsuit,253
2018,NB009,Nuuk,212
2018,NB009,Upernavik,244
2018,ND007,Kangersuatsiaq,230
2018,ND007,Nutaarmiut,271
2018,ND007,Upernavik,271
2018,ND008,Kangersuatsiaq,198
2018,ND008,Nutaarmiut,240
2018,ND008,Nuuk,224
2018,ND008,Upernavik,271
2018,ND009,Kangersuatsiaq,216
2018,ND009,Nutaarmiut,198
2018,ND009,Upernavik,239
2018,ND010,Kangersuatsiaq,209
2018,ND010,Nutaarmiut,177
2018,ND010,Nuuk,210
2018,ND010,Upernavik,194
2018,NE008,Upernavik,187
2018,NG004,Upernavik,221
2018,NG005,Upernavik,219
2018,NG007,Innaarsuit,211
2018,NG007,Kullorsuaq,299
2018,NG007,Naajaat,205
2018,NG007,Nutaarmiut,210
2018,NG007,Sisimiut,275
2018,NG007,Upernavik,299
2018,NH004,Kullorsuaq,288
2018,NH004,Naajaat,217
2018,NH004,Sisimiut,217
2018,NH004,Upernavik,299
2018,NH005,Kangersuatsiaq,245
2018,NH005,Kullorsuaq,293
2018,NH005,Naajaat,211
2018,NH005,Upernavik,299
2018,NH006,Kullorsuaq,293
2018,NH007,Upernavik,299
2018,NJ006,Upernavik,205
2018,NM002,Kullorsuaq,285
2018,NM003,Kangersuatsiaq,244
2018,NM003,Kullorsuaq,306
2018,NM003,Upernavik,296
2018,NM004,Kullorsuaq,236
2018,NM004,Upernavik,278
2018,NM006,Kullorsuaq,275
2018,NM006,Upernavik,272
2018,NM007,Kullorsuaq,272
2018,NM008,Kullorsuaq,170
2018,NN002,Kangersuatsiaq,201
2018,NN002,Kullorsuaq,294
2018,NN002,Upernavik,295
2018,NN003,Kangersuatsiaq,211
2018,NN003,Kullorsuaq,306
2018,NN003,Upernavik,294
2018,NN004,Kangersuatsiaq,292
2018,NN004,Kullorsuaq,307
2018,NN004,Naajaat,169
2018,NN004,Upernavik,282
2018,NN005,Kangersuatsiaq,299
2018,NN005,Kullorsuaq,299
2018,NN005,Naajaat,174
2018,NN005,Upernavik,296
2018,NN006,Kangersuatsiaq,275
2018,NN006,Kullorsuaq,278
2018,NN006,Nutaarmiut,243
2018,NN007,Kullorsuaq,299
2018,NP003,Kullorsuaq,281
2018,NP004,Kullorsuaq,306
2018,PR391,Qaanaaq,159
2018,PR394,Qaanaaq,280
2018,PR394,Savissivik,272
2018,PR395,Qaanaaq,272
2018,PR395,Siorapaluk,267
2018,PR396,Qaanaaq,307
2018,PR396,Savissivik,299
2018,PR396,Siorapaluk,268
2018,PR397,Qaanaaq,236
2018,PR405,Qaanaaq,212
2018,PR406,Qeqertat,191
2018,PS394,Qaanaaq,314
2018,PS394,Qeqertat,310
2018,PS394,Savissivik,315
2018,PS395,Qaanaaq,315
2018,PS395,Qeqertat,198
2018,PS396,Qaanaaq,301
2018,PS396,Savissivik,295
2018,PS396,Siorapaluk,306
2018,PS397,Qaanaaq,217
2018,PS404,Qaanaaq,173
2018,PS406,Qaanaaq,246
2018,PS406,Qeqertat,201
2018,PT405,Qaanaaq,271
2018,PT405,Qeqertat,293
2018,PT405,Siorapaluk,259
2018,PT406,Qaanaaq,259
2018,PT406,Qeqertat,275
2018,PT406,Siorapaluk,275
2019,LD028,Qasigiannguit,222
2019,LE026,Qasigiannguit,209
2019,LE027,Qasigiannguit,223
2019,LE028,Qasigiannguit,222
2019,LF028,Ilimanaq,214
2019,LG028,Ilulissat,208
2019,LG030,Ilulissat,239
2019,LG030,Kangaatsiaq,230
2019,LG030,Saqqaq,220
2019,LG031,Ilulissat,239
2019,LG031,Kangaatsiaq,228
2019,LG031,Uummannaq,237
2019,LG032,Ilulissat,254
2019,LG032,Upernavik,213
2019,LH019,Qeqertarsuaq,225
2019,LH030,Ilulissat,204
2019,LN024,Saqqaq,235
2019,LN025,Ilulissat,229
2019,LN025,Saqqaq,238
2019,LN026,Saqqaq,236
2019,LN027,Qeqertaq,229
2019,LN028,Qeqertaq,229
2019,LN028,Uummannaq,229
2019,LP025,Saqqaq,229
2019,LP027,Qeqertaq,228
2019,LP028,Qeqertaq,251
2019,LP028,Saqqaq,235
2019,LP028,Uummannaq,231
2019,LT026,Ikerasak,264
2019,LT026,Niaqornat,224
2019,LT026,Qeqertaq,242
2019,LT027,Ikerasak,285
2019,LT027,Qaarsut,244
2019,LT027,Qeqertaq,256
2019,LT027,Saqqaq,230
2019,LT027,Uummannaq,229
2019,LT028,Ikerasak,301
2019,LT028,Niaqornat,236
2019,LT028,Qeqertaq,254
2019,LT028,Saqqaq,196
2019,LT028,Uummannaq,225
2019,LT029,Ikerasak,285
2019,LT029,Uummannaq,192
2019,LT030,Ikerasak,239
2019,LV023,Qaarsut,195
2019,LV024,Qeqertaq,195
2019,LV024,Saqqaq,254
2019,LV024,Uummannaq,267
2019,LV025,Ikerasak,204
2019,LV025,Ilulissat,228
2019,LV025,Niaqornat,227
2019,LV025,Qaarsut,198
2019,LV025,Qeqertaq,249
2019,LV025,Saattut,226
2019,LV025,Uummannaq,268
2019,LV026,Ikerasak,283
2019,LV026,Saattut,254
2019,LV026,Uummannaq,273
2019,LV027,Ikerasak,288
2019,LV027,Qaarsut,259
2019,LV027,Uummannaq,264
2019,LV028,Ikerasak,256
2019,LV028,Saattut,190
2019,LV029,Ikerasak,266
2019,LX021,Qaarsut,252
2019,LX022,Qaarsut,266
2019,LX022,Saattut,267
2019,LX023,Ilulissat,225
2019,LX023,Niaqornat,251
2019,LX023,Qaarsut,268
2019,LX023,Qeqertaq,248
2019,LX023,Saattut,208
2019,LX023,Uummannaq,266
2019,LX024,Ilulissat,232
2019,LX024,Niaqornat,267
2019,LX024,Nuuk,267
2019,LX024,Qaarsut,285
2019,LX024,Qasigiannguit,217
2019,LX024,Qeqertaq,217
2019,LX024,Saattut,260
2019,LX024,Saqqaq,265
2019,LX024,Uummannaq,285
2019,LX025,Niaqornat,265
2019,LX025,Nuuk,257
2019,LX025,Qasigiannguit,204
2019,LX025,Saattut,248
2019,LX025,Uummannaq,284
2019,LX026,Qaarsut,249
2019,LX026,Qasigiannguit,253
2019,LX026,Saattut,287
2019,LX026,Saqqaq,246
2019,LX026,Uummannaq,270
2019,LX027,Ikerasak,286
2019,LX027,Qaarsut,249
2019,LX027,Saattut,287
2019,LX027,Uummannaq,265
2019,LX028,Ikerasak,267
2019,LX028,Qaarsut,259
2019,LX028,Saattut,270
2019,LX028,Saqqaq,200
2019,LX028,Uummannaq,269
2019,LX029,Ikerasak,250
2019,LX029,Saattut,244
2019,LZ018,Niaqornat,222
2019,LZ018,Uummannaq,236
2019,LZ020,Qaarsut,235
2019,LZ020,Uummannaq,236
2019,LZ021,Qaarsut,251
2019,LZ021,Qeqertaq,229
2019,LZ021,Uummannaq,201
2019,LZ022,Qaarsut,266
2019,LZ022,Saqqaq,251
2019,LZ022,Uummannaq,264
2019,LZ023,Ikerasak,252
2019,LZ023,Qaarsut,265
2019,LZ023,Saattut,258
2019,LZ023,Uummannaq,254
2019,LZ024,Niaqornat,239
2019,LZ024,Saattut,288
2019,LZ024,Saqqaq,257
2019,LZ024,Uummannaq,269
2019,LZ025,Qaarsut,239
2019,LZ025,Qeqertarsuaq,231
2019,LZ025,Saattut,279
2019,LZ025,Ukkusissat,210
2019,LZ025,Uummannaq,272
2019,LZ026,Qaarsut,269
2019,LZ026,Qeqertaq,288
2019,LZ026,Qeqertarsuaq,256
2019,LZ026,Saattut,298
2019,LZ026,Ukkusissat,189
2019,LZ026,Uummannaq,229
2019,LZ027,Qeqertaq,277
2019,LZ027,Saattut,291
2019,LZ027,Saqqaq,248
2019,LZ027,Ukkusissat,196
2019,LZ027,Uummannaq,236
2019,LZ028,Qaarsut,201
2019,LZ028,Saattut,287
2019,LZ028,Uummannaq,287
2019,LZ029,Ilulissat,211
2019,LZ029,Qeqertarsuaq,211
2019,LZ029,Saattut,291
2019,LZ029,Uummannaq,178
2019,MA022,Saattut,219
2019,MA023,Saattut,233
2019,MA023,Uummannaq,254
2019,MA024,Qaarsut,209
2019,MA024,Saattut,269
2019,MA024,Ukkusissat,285
2019,MA024,Uummannaq,192
2019,MA025,Saattut,259
2019,MA025,Ukkusissat,290
2019,MA025,Uummannaq,250
2019,MA026,Qaarsut,181
2019,MA026,Saattut,292
2019,MA026,Saqqaq,194
2019,MA026,Ukkusissat,201
2019,MA027,Qaarsut,174
2019,MA027,Saattut,291
2019,MA027,Ukkusissat,291
2019,MA028,Ukkusissat,279
2019,MB023,Saattut,253
2019,MB023,Ukkusissat,264
2019,MB024,Qaarsut,222
2019,MB024,Ukkusissat,290
2019,MB025,Qaarsut,245
2019,MB025,Ukkusissat,293
2019,MB025,Uummannaq,200
2019,MB026,Qaarsut,288
2019,MB026,Ukkusissat,290
2019,MB026,Uummannaq,211
2019,MB027,Ukkusissat,291
2019,MB028,Qaarsut,259
2019,MB028,Ukkusissat,286
2019,MD019,Uummannaq,286
2019,MD022,Saattut,286
2019,MD023,Ukkusissat,223
2019,MD024,Ukkusissat,284
2019,MD025,Ukkusissat,217
2019,MD027,Ukkusissat,194
2019,MG021,Saattut,251
2019,MG021,Ukkusissat,254
2019,MG021,Uummannaq,269
2019,MG022,Saattut,262
2019,MG022,Uummannaq,236
2019,MM011,Kangersuatsiaq,251
2019,MM011,Upernavik,270
2019,MM011,Upernavik Kujalleq,270
2019,MT007,Upernavik,228
2019,MT008,Upernavik,225
2019,MT010,Nuuk,213
2019,MT010,Upernavik,230
2019,MV008,Upernavik,249
2019,MV010,Upernavik,249
2019,MV011,Upernavik,237
2019,MV012,Upernavik,203
2019,MX008,Innaarsuit,249
2019,MX009,Innaarsuit,265
2019,MX009,Kullorsuaq,203
2019,MX009,Naajaat,236
2019,MX010,Aasiaat,242
2019,MX010,Innaarsuit,259
2019,MZ008,Innaarsuit,276
2019,MZ008,Kangersuatsiaq,260
2019,MZ008,Naajaat,288
2019,MZ009,Innaarsuit,286
2019,MZ009,Kangersuatsiaq,246
2019,MZ009,Kullorsuaq,182
2019,MZ009,Naajaat,288
2019,MZ009,Nuuk,230
2019,MZ010,Innaarsuit,270
2019,MZ010,Naajaat,267
2019,MZ010,Nuuk,249
2019,MZ011,Upernavik,230
2019,NA008,Nuuk,182
2019,NA008,Upernavik,277
2019,NA008,Upernavik Kujalleq,179
2019,NA009,Aasiaat,237
2019,NA009,Innaarsuit,246
2019,NA009,Upernavik,216
2019,NB007,Upernavik,286
2019,NB008,Nuuk,222
2019,NB008,Upernavik,265
2019,NB009,Nuuk,238
2019,NB009,Upernavik,248
2019,ND007,Innaarsuit,200
2019,ND007,Kullorsuaq,218
2019,ND007,Nutaarmiut,295
2019,ND007,Upernavik,183
2019,ND008,Innaarsuit,250
2019,ND008,Naajaat,248
2019,ND008,Nutaarmiut,224
2019,ND008,Nuuk,214
2019,ND008,Upernavik,284
2019,ND010,Nuuk,187
2019,NG007,Upernavik,259
2019,NH003,Upernavik,246
2019,NH004,Upernavik,259
2019,NH005,Nuuk,224
2019,NH005,Upernavik,212
2019,NH006,Kullorsuaq,212
2019,NH006,Upernavik,271
2019,NH007,Kullorsuaq,208
2019,NH007,Upernavik,253
2019,NM002,Kullorsuaq,263
2019,NM002,Upernavik,225
2019,NM003,Innaarsuit,278
2019,NM003,Kullorsuaq,290
2019,NM003,Naajaat,260
2019,NM003,Upernavik,249
2019,NM004,Kullorsuaq,280
2019,NM004,Naajaat,223
2019,NM006,Kullorsuaq,289
2019,NM007,Kullorsuaq,288
2019,NN002,Kangersuatsiaq,232
2019,NN002,Kullorsuaq,286
2019,NN002,Naajaat,280
2019,NN002,Upernavik,286
2019,NN003,Kangersuatsiaq,289
2019,NN003,Kullorsuaq,290
2019,NN003,Naajaat,282
2019,NN003,Upernavik,274
2019,NN004,Innaarsuit,273
2019,NN004,Kullorsuaq,290
2019,NN004,Naajaat,290
2019,NN004,Nuuk,290
2019,NN004,Upernavik,273
2019,NN005,Kangersuatsiaq,190
2019,NN005,Kullorsuaq,290
2019,NN005,Upernavik Kujalleq,289
2019,NN006,Kullorsuaq,290
2019,NN007,Kullorsuaq,279
2019,NP003,Innaarsuit,244
2019,NP003,Kangersuatsiaq,259
2019,NP003,Kullorsuaq,288
2019,NP004,Kullorsuaq,287
2019,NP004,Upernavik Kujalleq,224
2019,PR392,Qaanaaq,257
2019,PR395,Qaanaaq,301
2019,PR396,Qaanaaq,291
2019,PR397,Qaanaaq,292
2019,PS392,Qaanaaq,270
2019,PS394,Qaanaaq,257
2019,PS395,Qaanaaq,326
2019,PS395,Qeqertat,326
2019,PS395,Savissivik,221
2019,PS395,Siorapaluk,316
2019,PS396,Qaanaaq,270
2019,PS397,Qaanaaq,295
2019,PS399,Qaanaaq,235
2019,PS399,Savissivik,245
2019,PS401,Savissivik,235
2019,PS405,Qeqertat,223
2019,PT398,Qaanaaq,291
2019,PT398,Siorapaluk,267
2019,PT405,Qaanaaq,316
2019,PT405,Qeqertat,309
2019,PT405,Siorapaluk,298
2019,PT406,Qaanaaq,293
2019,PT406,Qeqertat,298
2019,PT407,Qaanaaq,287
2020,HF035,Paamiut,214
2020,KT018,Qaanaaq,292
2020,LG029,Ilulissat,190
2020,LG030,Ilulissat,219
2020,LG030,Kangaatsiaq,217
2020,LG031,Ilulissat,262
2020,LG031,Oqaatsut,212
2020,LG032,Ilulissat,270
2020,LN026,Qeqertarsuaq,202
2020,LN027,Qeqertaq,247
2020,LN028,Ikamiut,117
2020,LN028,Qeqertaq,321
2020,LN028,Saqqaq,208
2020,LN029,Kitsissuarsuit,333
2020,LN029,Qeqertaq,311
2020,LN029,Qeqertarsuaq,323
2020,LP026,Qeqertaq,212
2020,LP027,Qeqertaq,200
2020,LP028,Qeqertaq,263
2020,LP028,Saqqaq,239
2020,LS029,Qeqertarsuaq,207
2020,LT025,Uummannaq,250
2020,LT026,Ikerasak,193
2020,LT026,Qaarsut,221
2020,LT026,Saqqaq,239
2020,LT027,Ikerasak,275
2020,LT027,Qaarsut,232
2020,LT027,Qeqertaq,239
2020,LT027,Uummannaq,239
2020,LT028,Ikerasak,306
2020,LT028,Qaarsut,237
2020,LT028,Qeqertaq,240
2020,LT029,Ikerasak,267
2020,LV024,Qaarsut,251
2020,LV024,Uummannaq,249
2020,LV025,Ikerasak,271
2020,LV025,Qaarsut,251
2020,LV025,Uummannaq,251
2020,LV026,Ikerasak,267
2020,LV026,Nuuk,230
2020,LV026,Qaarsut,251
2020,LV026,Qeqertaq,221
2020,LV026,Saqqaq,232
2020,LV026,Uummannaq,251
2020,LV027,Ikerasak,275
2020,LV027,Qaarsut,239
2020,LV027,Saqqaq,208
2020,LV027,Ukkusissat,236
2020,LV027,Uummannaq,226
2020,LV028,Ikerasak,239
2020,LV028,Nuuk,227
2020,LV028,Qaarsut,218
2020,LV028,Saqqaq,205
2020,LV029,Ikerasak,228
2020,LV029,Qaarsut,226
2020,LX023,Qaarsut,251
2020,LX023,Uummannaq,249
2020,LX024,Niaqornat,241
2020,LX024,Qaarsut,250
2020,LX024,Qeqertaq,251
2020,LX024,Saattut,249
2020,LX024,Ukkusissat,250
2020,LX024,Uummannaq,277
2020,LX025,Ikerasak,235
2020,LX025,Uummannaq,241
2020,LX026,Ikerasak,221
2020,LX026,Qaarsut,251
2020,LX026,Saattut,250
2020,LX026,Saqqaq,225
2020,LX026,Ukkusissat,240
2020,LX026,Uummannaq,250
2020,LX027,Ikerasak,265
2020,LX027,Saattut,268
2020,LX027,Uummannaq,249
2020,LX028,Ikerasak,270
2020,LX028,Nuuk,239
2020,LX028,Qaarsut,248
2020,LX028,Saattut,251
2020,LX028,Ukkusissat,248
2020,LX028,Uummannaq,236
2020,LX029,Saattut,205
2020,LZ021,Saattut,208
2020,LZ021,Uummannaq,249
2020,LZ025,Ikerasak,248
2020,LZ025,Saattut,250
2020,LZ026,Ikerasak,226
2020,LZ026,Niaqornat,237
2020,LZ026,Qeqertarsuaq,268
2020,LZ026,Saattut,278
2020,LZ026,Uummannaq,248
2020,LZ027,Saattut,271
2020,LZ027,Uummannaq,249
2020,LZ028,Saattut,269
2020,LZ028,Uummannaq,269
2020,LZ029,Saattut,199
2020,MA024,Ikerasak,221
2020,MA024,Ukkusissat,253
2020,MA024,Uummannaq,253
2020,MA025,Ikerasak,223
2020,MA025,Saattut,191
2020,MA025,Ukkusissat,253
2020,MA025,Uummannaq,206
2020,MA026,Ikerasak,208
2020,MA026,Saattut,269
2020,MA026,Ukkusissat,236
2020,MA026,Uummannaq,211
2020,MA027,Saattut,233
2020,MA028,Saattut,191
2020,MA028,Ukkusissat,265
2020,MA028,Uummannaq,216
2020,MB024,Ukkusissat,253
2020,MB025,Ikerasak,191
2020,MB025,Ukkusissat,271
2020,MB025,Uummannaq,219
2020,MB026,Ikerasak,201
2020,MB026,Ukkusissat,268
2020,MB026,Uummannaq,237
2020,MB027,Ukkusissat,233
2020,MB028,Ukkusissat,265
2020,MB028,Uummannaq,200
2020,MM010,Kullorsuaq,220
2020,MM011,Kangersuatsiaq,271
2020,MM011,Upernavik Kujalleq,278
2020,MM012,Upernavik Kujalleq,263
2020,MT008,Upernavik,268
2020,MT009,Upernavik,227
2020,MT010,Upernavik,236
2020,MT010,Upernavik Kujalleq,252
2020,MV010,Upernavik,274
2020,MV010,Upernavik Kujalleq,216
2020,MV011,Upernavik,242
2020,MV012,Upernavik,262
2020,MV013,Upernavik,225
2020,MX008,Innaarsuit,201
2020,MX009,Innaarsuit,289
2020,MX009,Kangersuatsiaq,212
2020,MX009,Kullorsuaq,279
2020,MX009,Naajaat,273
2020,MX010,Innaarsuit,268
2020,MZ007,Innaarsuit,261
2020,MZ008,Innaarsuit,291
2020,MZ008,Kangersuatsiaq,273
2020,MZ008,Naajaat,275
2020,MZ008,Upernavik Kujalleq,240
2020,MZ009,Innaarsuit,277
2020,MZ009,Naajaat,286
2020,MZ010,Innaarsuit,280
2020,MZ010,Kangersuatsiaq,256
2020,MZ010,Naajaat,270
2020,MZ011,Naajaat,270
2020,NA007,Upernavik,206
2020,NA008,Kullorsuaq,270
2020,NA008,Upernavik,282
2020,NA009,Innaarsuit,253
2020,NA009,Kullorsuaq,240
2020,NB007,Upernavik,222
2020,NB008,Upernavik,263
2020,ND007,Nutaarmiut,282
2020,ND007,Upernavik,219
2020,ND007,Upernavik Kujalleq,277
2020,ND008,Nutaarmiut,279
2020,ND008,Upernavik,305
2020,ND008,Upernavik Kujalleq,279
2020,ND009,Nutaarmiut,312
2020,ND009,Upernavik,241
2020,ND009,Upernavik Kujalleq,237
2020,ND010,Upernavik,240
2020,NG005,Kangersuatsiaq,241
2020,NG005,Upernavik,240
2020,NG006,Upernavik Kujalleq,268
2020,NG007,Kullorsuaq,265
2020,NG007,Upernavik,292
2020,NH001,Kullorsuaq,265
2020,NH004,Kullorsuaq,268
2020,NH004,Nutaarmiut,268
2020,NH004,Upernavik,292
2020,NH005,Innaarsuit,289
2020,NH005,Upernavik,300
2020,NH006,Kangersuatsiaq,209
2020,NH006,Kullorsuaq,261
2020,NH006,Upernavik,292
2020,NH007,Kangersuatsiaq,198
2020,NH007,Kullorsuaq,234
2020,NH007,Upernavik,293
2020,NK005,Kangersuatsiaq,236
2020,NM003,Kangersuatsiaq,209
2020,NM003,Kullorsuaq,300
2020,NM004,Kullorsuaq,293
2020,NM005,Kullorsuaq,171
2020,NM006,Innaarsuit,167
2020,NM006,Kullorsuaq,284
2020,NM006,Upernavik Kujalleq,200
2020,NM007,Kullorsuaq,223
2020,NN001,Kullorsuaq,268
2020,NN002,Kullorsuaq,299
2020,NN003,Kullorsuaq,300
2020,NN003,Nutaarmiut,172
2020,NN004,Kullorsuaq,321
2020,NN005,Kangersuatsiaq,293
2020,NN005,Kullorsuaq,321
2020,NN005,Upernavik Kujalleq,186
2020,NN006,Kangersuatsiaq,220
2020,NN006,Kullorsuaq,293
2020,NN006,Nutaarmiut,195
2020,NN007,Kullorsuaq,275
2020,NP002,Kullorsuaq,284
2020,NP003,Kullorsuaq,300
2020,NP003,Upernavik,227
2020,NP004,Kullorsuaq,292
2020,NP005,Kullorsuaq,282
2020,PR396,Qaanaaq,166
2020,PR397,Qaanaaq,291
2020,PS394,Qaanaaq,212
2020,PS395,Qaanaaq,298
2020,PS395,Qeqertat,174
2020,PS396,Qaanaaq,284
2020,PS397,Qaanaaq,303
2020,PS398,Qaanaaq,284
2020,PS398,Siorapaluk,291
2020,PS399,Qaanaaq,283
2020,PS399,Siorapaluk,289
2020,PS406,Qaanaaq,201
2020,PS406,Siorapaluk,206
2020,PT405,Qaanaaq,185
2020,PT405,Qeqertat,184
2020,PT406,Qaanaaq,254
2020,PT406,Qeqertat,265
2020,PT406,Siorapaluk,228
2020,PT407,Qaanaaq,303
2020,PT407,Qeqertat,310
2020,PT407,Siorapaluk,282
2021,KH021,Sarfannguit,284
2021,KV019,Kangaatsiaq,242
2021,LB022,Akunnaaq,215
2021,LB023,Akunnaaq,249
2021,LD001,Akunnaaq,234
2021,LD021,Akunnaaq,246
2021,LD022,Akunnaaq,255
2021,LD023,Akunnaaq,255
2021,LD024,Akunnaaq,255
2021,LE020,Akunnaaq,213
2021,LE022,Akunnaaq,223
2021,LF028,Ilimanaq,247
2021,LG030,Ilulissat,289
2021,LG030,Uummannaq,208
2021,LG031,Ilulissat,260
2021,LG032,Ilulissat,275
2021,LH018,Qeqertarsuaq,255
2021,LH019,Qeqertarsuaq,246
2021,LN027,Qeqertaq,236
2021,LN028,Qeqertaq,246
2021,LP027,Qeqertaq,255
2021,LP028,Aasiaat,214
2021,LP028,Qaarsut,211
2021,LP028,Qeqertaq,245
2021,LP028,Saqqaq,212
2021,LP029,Qeqertaq,245
2021,LR022,Ukkusissat,283
2021,LT026,Uummannaq,224
2021,LT027,Ikerasak,295
2021,LT027,Qeqertaq,234
2021,LT027,Uummannaq,278
2021,LT028,Ikerasak,295
2021,LT028,Qaarsut,221
2021,LT028,Qeqertaq,263
2021,LT029,Ikerasak,234
2021,LT029,Qeqertaq,232
2021,LV023,Qaarsut,283
2021,LV024,Ikerasak,268
2021,LV024,Ilulissat,219
2021,LV024,Niaqornat,290
2021,LV024,Uummannaq,250
2021,LV025,Ilulissat,269
2021,LV025,Qaarsut,267
2021,LV025,Qeqertaq,231
2021,LV025,Saqqaq,250
2021,LV025,Uummannaq,280
2021,LV026,Ikerasak,277
2021,LV026,Qaarsut,238
2021,LV026,Saattut,304
2021,LV026,Saqqaq,237
2021,LV026,Uummannaq,258
2021,LV027,Ikerasak,295
2021,LV027,Qaarsut,250
2021,LV027,Qeqertaq,276
2021,LV027,Uummannaq,258
2021,LV028,Ikerasak,280
2021,LV028,Uummannaq,246
2021,LX022,Qaarsut,246
2021,LX023,Naajaat,331
2021,LX023,Qaarsut,293
2021,LX023,Uummannaq,267
2021,LX024,Ikerasak,270
2021,LX024,Ilulissat,254
2021,LX024,Niaqornat,294
2021,LX024,Nuuk,250
2021,LX024,Qaarsut,293
2021,LX024,Saattut,287
2021,LX024,Saqqaq,233
2021,LX024,Ukkusissat,235
2021,LX024,Uummannaq,310
2021,LX025,Ilulissat,260
2021,LX025,Niaqornat,276
2021,LX025,Nuuk,255
2021,LX025,Qaarsut,278
2021,LX025,Saattut,283
2021,LX025,Uummannaq,294
2021,LX026,Nuuk,218
2021,LX026,Saattut,296
2021,LX026,Saqqaq,222
2021,LX026,Uummannaq,278
2021,LX027,Ikerasak,290
2021,LX027,Qaarsut,285
2021,LX027,Qeqertaq,262
2021,LX027,Saattut,295
2021,LX027,Ukkusissat,222
2021,LX027,Uummannaq,253
2021,LX028,Ikerasak,268
2021,LX028,Qaarsut,245
2021,LX028,Saattut,222
2021,LX028,Uummannaq,256
2021,LX029,Ikerasak,242
2021,LZ019,Saattut,258
2021,LZ023,Qaarsut,268
2021,LZ024,Nuuk,260
2021,LZ024,Qaarsut,242
2021,LZ024,Saattut,295
2021,LZ024,Ukkusissat,286
2021,LZ024,Uummannaq,295
2021,LZ025,Saattut,297
2021,LZ025,Saqqaq,269
2021,LZ025,Uummannaq,288
2021,LZ026,Niaqornat,201
2021,LZ026,Nuuk,222
2021,LZ026,Qaarsut,204
2021,LZ026,Saattut,312
2021,LZ026,Saqqaq,266
2021,LZ026,Ukkusissat,221
2021,LZ026,Uummannaq,235
2021,LZ027,Niaqornat,203
2021,LZ027,Qaarsut,276
2021,LZ027,Saattut,296
2021,LZ027,Saqqaq,253
2021,LZ027,Uummannaq,200
2021,LZ028,Niaqornat,211
2021,LZ028,Nuuk,276
2021,LZ028,Qaarsut,282
2021,LZ028,Saattut,291
2021,LZ028,Uummannaq,236
2021,LZ029,Nuuk,287
2021,LZ029,Saattut,295
2021,LZ029,Uummannaq,249
2021,MA024,Ikerasak,235
2021,MA024,Nuuk,247
2021,MA024,Saqqaq,283
2021,MA024,Ukkusissat,295
2021,MA024,Uummannaq,286
2021,MA025,Saattut,255
2021,MA025,Ukkusissat,283
2021,MA025,Uummannaq,233
2021,MA026,Qaarsut,229
2021,MA026,Saattut,295
2021,MA026,Ukkusissat,277
2021,MA026,Uummannaq,282
2021,MA027,Niaqornat,212
2021,MA027,Nuuk,278
2021,MA027,Saattut,295
2021,MA027,Ukkusissat,291
2021,MA028,Ukkusissat,294
2021,MA028,Uummannaq,281
2021,MB023,Nuuk,243
2021,MB024,Nuuk,264
2021,MB024,Saqqaq,284
2021,MB024,Ukkusissat,302
2021,MB024,Uummannaq,277
2021,MB025,Saattut,304
2021,MB025,Saqqaq,288
2021,MB025,Ukkusissat,305
2021,MB025,Uummannaq,278
2021,MB026,Saqqaq,292
2021,MB026,Ukkusissat,304
2021,MB026,Uummannaq,295
2021,MB027,Ukkusissat,266
2021,MB027,Uummannaq,234
2021,MB028,Nuuk,236
2021,MB028,Ukkusissat,288
2021,ML010,Upernavik Kujalleq,277
2021,ML011,Upernavik Kujalleq,268
2021,MM010,Upernavik Kujalleq,295
2021,MM011,Upernavik Kujalleq,295
2021,MM012,Upernavik Kujalleq,250
2021,MN011,Kangersuatsiaq,246
2021,MN011,Upernavik Kujalleq,229
2021,MN013,Upernavik Kujalleq,236
2021,MT007,Upernavik,221
2021,MT007,Upernavik Kujalleq,244
2021,MT008,Upernavik,246
2021,MT009,Upernavik,229
2021,MT010,Upernavik,269
2021,MV007,Upernavik,225
2021,MV010,Upernavik,270
2021,MV011,Upernavik,266
2021,MV012,Upernavik,267
2021,MV013,Upernavik,218
2021,MX007,Innaarsuit,258
2021,MX008,Innaarsuit,276
2021,MX008,Kangersuatsiaq,232
2021,MX009,Innaarsuit,290
2021,MX009,Kangersuatsiaq,290
2021,MX009,Naajaat,291
2021,MX009,Upernavik,232
2021,MX009,Upernavik Kujalleq,211
2021,MZ007,Innaarsuit,253
2021,MZ008,Innaarsuit,297
2021,MZ008,Kangersuatsiaq,301
2021,MZ008,Naajaat,208
2021,MZ008,Nutaarmiut,276
2021,MZ008,Upernavik,243
2021,MZ008,Upernavik Kujalleq,289
2021,MZ009,Innaarsuit,303
2021,MZ009,Naajaat,306
2021,MZ009,Upernavik,268
2021,MZ009,Upernavik Kujalleq,214
2021,MZ010,Innaarsuit,273
2021,MZ010,Naajaat,284
2021,MZ010,Upernavik,235
2021,MZ011,Innaarsuit,219
2021,MZ011,Naajaat,253
2021,NA006,Innaarsuit,211
2021,NA007,Innaarsuit,247
2021,NA008,Innaarsuit,218
2021,NA008,Upernavik,262
2021,NA009,Innaarsuit,269
2021,NA009,Naajaat,215
2021,NB007,Upernavik,261
2021,NB007,Upernavik Kujalleq,202
2021,NB008,Kullorsuaq,215
2021,NB008,Nutaarmiut,187
2021,NB008,Nuuk,208
2021,NB008,Upernavik,263
2021,NB008,Upernavik Kujalleq,233
2021,NB009,Upernavik,294
2021,ND007,Kullorsuaq,223
2021,ND007,Nutaarmiut,295
2021,ND007,Nuuk,201
2021,ND007,Upernavik,223
2021,ND007,Upernavik Kujalleq,228
2021,ND008,Kullorsuaq,235
2021,ND008,Nutaarmiut,296
2021,ND008,Nuuk,207
2021,ND008,Upernavik,303
2021,ND009,Kullorsuaq,218
2021,ND009,Nutaarmiut,238
2021,ND009,Upernavik,243
2021,ND010,Upernavik Kujalleq,232
2021,NG006,Kullorsuaq,66
2021,NG006,Upernavik,208
2021,NG007,Ilulissat,254
2021,NG007,Innaarsuit,238
2021,NG007,Kullorsuaq,254
2021,NG007,Upernavik,306
2021,NH004,Upernavik,302
2021,NH005,Kullorsuaq,235
2021,NH005,Upernavik,254
2021,NH006,Ilulissat,296
2021,NH006,Innaarsuit,247
2021,NH006,Kullorsuaq,253
2021,NH006,Upernavik,305
2021,NH007,Ilulissat,253
2021,NH007,Upernavik,305
2021,NL001,Kullorsuaq,268
2021,NL006,Kullorsuaq,232
2021,NM001,Kullorsuaq,277
2021,NM002,Kullorsuaq,275
2021,NM003,Innaarsuit,234
2021,NM003,Kullorsuaq,284
2021,NM003,Nutaarmiut,270
2021,NM004,Kullorsuaq,247
2021,NM005,Kullorsuaq,227
2021,NM006,Kullorsuaq,238
2021,NM007,Kullorsuaq,271
2021,NN001,Kullorsuaq,282
2021,NN001,Nutaarmiut,263
2021,NN002,Kullorsuaq,261
2021,NN003,Kullorsuaq,282
2021,NN004,Kullorsuaq,283
2021,NN005,Kullorsuaq,275
2021,NN006,Kullorsuaq,278
2021,NN006,Nutaarmiut,250
2021,NN007,Kullorsuaq,278
2021,NP001,Kullorsuaq,263
2021,NP003,Kullorsuaq,234
2021,NP004,Kullorsuaq,274
2021,PR390,Qaanaaq,281
2021,PR396,Qaanaaq,207
2021,PR397,Qaanaaq,302
2021,PR397,Siorapaluk,232
2021,PR398,Qaanaaq,295
2021,PS394,Qaanaaq,169
2021,PS395,Qaanaaq,330
2021,PS395,Siorapaluk,288
2021,PS396,Qaanaaq,262
2021,PS397,Qaanaaq,323
2021,PS404,Qaanaaq,183
2021,PS405,Qeqertat,208
2021,PS406,Qaanaaq,176
2021,PS406,Qeqertat,173
2021,PT397,Qaanaaq,211
2021,PT398,Qaanaaq,267
2021,PT400,Qaanaaq,246
2021,PT404,Qaanaaq,291
2021,PT405,Qaanaaq,288
2021,PT405,Qeqertat,247
2021,PT406,Qaanaaq,306
2021,PT406,Qeqertat,269
2021,PT406,Siorapaluk,267
2021,PT407,Qaanaaq,325
2021,PT407,Qeqertat,323
2022,KH021,Sarfannguit,266
2022,KT025,Iginniarfik,291
2022,KV021,Kangaatsiaq,318
2022,LA023,Ikamiut,239
2022,LA024,Ikamiut,219
2022,LA025,Ikamiut,226
2022,LB023,Aasiaat,231
2022,LB023,Akunnaaq,231
2022,LB023,Ikamiut,221
2022,LB024,Ikamiut,239
2022,LB025,Ikamiut,239
2022,LB026,Ikamiut,203
2022,LD023,Akunnaaq,214
2022,LD028,Qasigiannguit,262
2022,LG028,Ilulissat,360
2022,LG029,Ilimanaq,207
2022,LG030,Ilulissat,267
2022,LG031,Ilulissat,263
2022,LG032,Ilulissat,217
2022,LH028,Ilulissat,327
2022,LH028,Qeqertaq,235
2022,LN025,Saattut,258
2022,LN027,Qeqertaq,247
2022,LN027,Saqqaq,245
2022,LN028,Qeqertaq,247
2022,LN028,Saqqaq,184
2022,LP024,Saqqaq,199
2022,LP027,Qeqertaq,242
2022,LP027,Saqqaq,246
2022,LP028,Qeqertaq,247
2022,LP028,Saqqaq,184
2022,LT025,Ikerasak,184
2022,LT025,Qaarsut,210
2022,LT026,Ikerasak,237
2022,LT026,Qaarsut,269
2022,LT026,Ukkusissat,235
2022,LT026,Uummannaq,270
2022,LT027,Ikerasak,291
2022,LT027,Qaarsut,245
2022,LT027,Ukkusissat,291
2022,LT027,Uummannaq,270
2022,LT028,Ikerasak,291
2022,LT028,Qaarsut,239
2022,LT028,Qeqertaq,241
2022,LT028,Uummannaq,262
2022,LT029,Ikerasak,289
2022,LT029,Qaarsut,245
2022,LT030,Ikerasak,237
2022,LV024,Qaarsut,216
2022,LV024,Saqqaq,183
2022,LV024,Uummannaq,252
2022,LV025,Nuuk,243
2022,LV025,Qaarsut,250
2022,LV025,Saqqaq,235
2022,LV025,Ukkusissat,176
2022,LV025,Uummannaq,259
2022,LV026,Ikerasak,262
2022,LV026,Qaarsut,242
2022,LV026,Saattut,287
2022,LV026,Uummannaq,207
2022,LV027,Ikerasak,318
2022,LV027,Qaarsut,274
2022,LV027,Qeqertaq,241
2022,LV027,Saattut,204
2022,LV027,Ukkusissat,182
2022,LV028,Ikerasak,282
2022,LV028,Qaarsut,255
2022,LV028,Saattut,262
2022,LV028,Ukkusissat,217
2022,LV028,Uummannaq,182
2022,LV029,Saattut,255
2022,LX022,Qaarsut,244
2022,LX023,Qaarsut,250
2022,LX023,Uummannaq,237
2022,LX024,Ikerasak,205
2022,LX024,Niaqornat,206
2022,LX024,Nuuk,271
2022,LX024,Qaarsut,253
2022,LX024,Saattut,265
2022,LX024,Saqqaq,203
2022,LX024,Ukkusissat,197
2022,LX024,Uummannaq,259
2022,LX025,Ikerasak,235
2022,LX025,Qaarsut,252
2022,LX025,Saattut,207
2022,LX025,Saqqaq,213
2022,LX025,Uummannaq,239
2022,LX026,Ikerasak,185
2022,LX026,Niaqornat,252
2022,LX026,Nuuk,189
2022,LX026,Qaarsut,270
2022,LX026,Saattut,289
2022,LX026,Uummannaq,289
2022,LX027,Ikerasak,280
2022,LX027,Qaarsut,255
2022,LX027,Qeqertaq,184
2022,LX027,Saattut,280
2022,LX027,Uummannaq,268
2022,LX028,Ikerasak,269
2022,LX028,Qaarsut,263
2022,LX028,Qeqertaq,214
2022,LX028,Saattut,238
2022,LX028,Ukkusissat,216
2022,LX028,Uummannaq,228
2022,LX029,Ikerasak,269
2022,LX029,Qeqertaq,174
2022,LX029,Saattut,238
2022,LZ022,Qaarsut,248
2022,LZ023,Qaarsut,250
2022,LZ024,Uummannaq,199
2022,LZ025,Saattut,265
2022,LZ025,Uummannaq,202
2022,LZ026,Qaarsut,270
2022,LZ026,Saattut,295
2022,LZ026,Ukkusissat,259
2022,LZ026,Uummannaq,205
2022,LZ027,Qaarsut,268
2022,LZ027,Saattut,280
2022,LZ027,Ukkusissat,212
2022,LZ027,Uummannaq,282
2022,LZ028,Saattut,280
2022,LZ029,Saattut,280
2022,MA022,Qaarsut,252
2022,MA024,Ukkusissat,272
2022,MA024,Uummannaq,250
2022,MA025,Ikerasak,275
2022,MA025,Saattut,240
2022,MA025,Ukkusissat,296
2022,MA025,Uummannaq,206
2022,MA026,Ikerasak,266
2022,MA026,Saattut,282
2022,MA026,Ukkusissat,270
2022,MA026,Uummannaq,274
2022,MA027,Saattut,283
2022,MA027,Ukkusissat,266
2022,MA028,Ukkusissat,260
2022,MA028,Uummannaq,270
2022,MA029,Ukkusissat,291
2022,MB017,Ukkusissat,280
2022,MB017,Upernavik,185
2022,MB023,Ukkusissat,250
2022,MB024,Nuuk,274
2022,MB024,Ukkusissat,333
2022,MB024,Uummannaq,284
2022,MB025,Nuuk,219
2022,MB025,Ukkusissat,311
2022,MB025,Uummannaq,280
2022,MB026,Ukkusissat,298
2022,MB026,Uummannaq,274
2022,MB027,Ukkusissat,286
2022,MB028,Nuuk,216
2022,MB028,Ukkusissat,263
2022,MD023,Ukkusissat,191
2022,ML010,Upernavik Kujalleq,262
2022,ML011,Upernavik Kujalleq,213
2022,MM010,Upernavik Kujalleq,269
2022,MM011,Upernavik Kujalleq,295
2022,MM012,Upernavik Kujalleq,218
2022,MN011,Upernavik Kujalleq,256
2022,MN012,Upernavik Kujalleq,217
2022,MN013,Kullorsuaq,161
2022,MN013,Upernavik Kujalleq,247
2022,MT007,Upernavik,238
2022,MT008,Upernavik,240
2022,MT010,Upernavik,253
2022,MV010,Saattut,182
2022,MV010,Upernavik,238
2022,MV011,Upernavik,241
2022,MV012,Upernavik,258
2022,MV013,Upernavik,246
2022,MX008,Innaarsuit,234
2022,MX009,Innaarsuit,267
2022,MX009,Naajaat,260
2022,MX010,Innaarsuit,264
2022,MZ006,Innaarsuit,227
2022,MZ007,Innaarsuit,245
2022,MZ008,Innaarsuit,284
2022,MZ008,Kangersuatsiaq,268
2022,MZ008,Naajaat,269
2022,MZ009,Innaarsuit,270
2022,MZ009,Kullorsuaq,196
2022,MZ009,Naajaat,298
2022,MZ009,Upernavik,246
2022,MZ010,Innaarsuit,276
2022,MZ010,Naajaat,217
2022,MZ011,Innaarsuit,315
2022,MZ011,Naajaat,235
2022,NA005,Upernavik,247
2022,NA007,Innaarsuit,247
2022,NA008,Innaarsuit,170
2022,NA008,Upernavik,267
2022,NA009,Innaarsuit,253
2022,NA009,Upernavik,237
2022,NA010,Innaarsuit,287
2022,NA010,Upernavik,175
2022,NA011,Innaarsuit,210
2022,NB007,Innaarsuit,253
2022,NB007,Upernavik,265
2022,NB008,Upernavik,274
2022,NB009,Upernavik,254
2022,ND007,Kangersuatsiaq,245
2022,ND007,Nutaarmiut,264
2022,ND007,Upernavik,256
2022,ND007,Upernavik Kujalleq,237
2022,ND008,Nutaarmiut,264
2022,ND008,Upernavik,263
2022,ND009,Innaarsuit,255
2022,ND009,Kullorsuaq,254
2022,ND009,Upernavik,263
2022,ND010,Nutaarmiut,196
2022,ND010,Upernavik,201
2022,NG001,Upernavik,182
2022,NG005,Upernavik Kujalleq,228
2022,NG006,Upernavik,275
2022,NG006,Upernavik Kujalleq,268
2022,NG007,Ikerasak,217
2022,NG007,Kangersuatsiaq,270
2022,NG007,Upernavik,266
2022,NH004,Kullorsuaq,283
2022,NH004,Upernavik,284
2022,NH005,Upernavik,294
2022,NH006,Ikerasak,210
2022,NH006,Upernavik,232
2022,NH007,Kangersuatsiaq,219
2022,NM001,Kullorsuaq,226
2022,NM003,Innaarsuit,312
2022,NM003,Kullorsuaq,315
2022,NM004,Kullorsuaq,294
2022,NM005,Kullorsuaq,291
2022,NM006,Innaarsuit,275
2022,NM006,Kullorsuaq,297
2022,NM007,Kullorsuaq,256
2022,NM008,Innaarsuit,189
2022,NN001,Ikerasak,296
2022,NN001,Innaarsuit,287
2022,NN001,Kullorsuaq,298
2022,NN002,Kullorsuaq,296
2022,NN003,Innaarsuit,271
2022,NN003,Kullorsuaq,315
2022,NN004,Innaarsuit,281
2022,NN004,Kullorsuaq,315
2022,NN005,Kullorsuaq,310
2022,NN006,Innaarsuit,256
2022,NN006,Kullorsuaq,315
2022,NN007,Innaarsuit,278
2022,NN007,Kullorsuaq,211
2022,NP001,Innaarsuit,245
2022,NP001,Kullorsuaq,296
2022,NP002,Kullorsuaq,260
2022,NP003,Kullorsuaq,269
2022,NP004,Kullorsuaq,298
2022,NP005,Kullorsuaq,175
2022,PR396,Kangerlussuaq,219
2022,PR396,Qaanaaq,221
2022,PR396,Qeqertat,322
2022,PR396,Siorapaluk,221
2022,PR397,Qaanaaq,305
2022,PR397,Savissivik,302
2022,PR397,Siorapaluk,231
2022,PR405,Qeqertat,200
2022,PR406,Qaanaaq,280
2022,PR406,Qeqertat,280
2022,PR406,Savissivik,263
2022,PS395,Kangerlussuaq,235
2022,PS395,Qaanaaq,311
2022,PS395,Savissivik,305
2022,PS396,Qaanaaq,294
2022,PS397,Kangerlussuaq,238
2022,PS400,Qaanaaq,245
2022,PS402,Qaanaaq,289
2022,PS405,Qaanaaq,254
2022,PS405,Qeqertat,254
2022,PS406,Qaanaaq,289
2022,PT397,Kangerlussuaq,238
2022,PT398,Kangerlussuaq,253
2022,PT400,Qeqertat,247
2022,PT404,Kangerlussuaq,266
2022,PT404,Qaanaaq,256
2022,PT404,Qeqertat,291
2022,PT405,Kangerlussuaq,283
2022,PT405,Qaanaaq,198
2022,PT405,Qeqertat,322
2022,PT406,Kangerlussuaq,302
2022,PT406,Qaanaaq,280
2022,PT406,Qeqertat,296
